survived,pclass,sex,age,sibsp,parch,fare,embarked,class,who,adult_male,deck,embark_town,alive,alone,group_survival_rate,group_mean_fare,group_median_age,group_passenger_count,log_fare_zscore
0,3,male,22.0,1,0,7.25,S,Third,man,True,Unknown,Southampton,no,False,0.13544668587896252,12.661632564841499,25.0,347,-0.8797405693934278
1,1,female,38.0,1,0,71.2833,C,First,woman,False,C,Cherbourg,yes,False,0.9680851063829787,106.12579787234043,35.0,94,1.3612199269233833
1,3,female,26.0,0,0,7.925,S,Third,woman,False,Unknown,Southampton,yes,True,0.5,16.118809722222224,21.5,144,-0.798539974052802
1,1,female,35.0,1,0,53.1,S,First,woman,False,C,Southampton,yes,False,0.9680851063829787,106.12579787234043,35.0,94,1.0620380556287106
0,3,male,35.0,0,0,8.05,S,Third,man,True,Unknown,Southampton,no,True,0.13544668587896252,12.661632564841499,25.0,347,-0.7841792430073967
0,3,male,25.0,0,0,8.4583,Q,Third,man,True,Unknown,Queenstown,no,True,0.13544668587896252,12.661632564841499,25.0,347,-0.7386163019798164
0,1,male,54.0,0,0,51.8625,S,First,man,True,E,Southampton,no,True,0.36885245901639346,67.22612704918032,40.0,122,1.038145562232327
0,3,male,2.0,3,1,21.075,S,Third,child,False,Unknown,Southampton,no,False,0.13544668587896252,12.661632564841499,25.0,347,0.13649913806595457
1,3,female,27.0,0,2,11.1333,S,Third,woman,False,Unknown,Southampton,yes,False,0.5,16.118809722222224,21.5,144,-0.48145578049281285
1,2,female,14.0,1,0,30.0708,C,Second,child,False,Unknown,Cherbourg,yes,False,0.9210526315789473,21.97012105263158,28.0,76,0.4894379098126231
1,3,female,4.0,1,1,16.7,S,Third,child,False,G,Southampton,yes,False,0.5,16.118809722222224,21.5,144,-0.09156500424402261
1,1,female,58.0,0,0,26.55,S,First,woman,False,C,Southampton,yes,True,0.9680851063829787,106.12579787234043,35.0,94,0.36526093570402607
0,3,male,20.0,0,0,8.05,S,Third,man,True,Unknown,Southampton,no,True,0.13544668587896252,12.661632564841499,25.0,347,-0.7841792430073967
0,3,male,39.0,1,5,31.275,S,Third,man,True,Unknown,Southampton,no,False,0.13544668587896252,12.661632564841499,25.0,347,0.5286989276421437
0,3,female,14.0,0,0,7.8542,S,Third,child,False,Unknown,Southampton,no,True,0.5,16.118809722222224,21.5,144,-0.806763380796033
1,2,female,55.0,0,0,16.0,S,Second,woman,False,Unknown,Southampton,yes,True,0.9210526315789473,21.97012105263158,28.0,76,-0.13322852057373055
0,3,male,2.0,4,1,29.125,Q,Third,child,False,Unknown,Queenstown,no,False,0.13544668587896252,12.661632564841499,25.0,347,0.457519539438721
1,2,male,30.0,0,0,13.0,S,Second,man,True,Unknown,Southampton,yes,True,0.1574074074074074,19.74178240740741,30.0,108,-0.3336984726090332
0,3,female,31.0,1,0,18.0,S,Third,woman,False,Unknown,Southampton,no,False,0.5,16.118809722222224,21.5,144,-0.01838583697289204
1,3,female,21.5,0,0,7.225,C,Third,woman,False,Unknown,Cherbourg,yes,True,0.5,16.118809722222224,21.5,144,-0.8828741679067217
0,2,male,35.0,0,0,26.0,S,Second,man,True,Unknown,Southampton,no,True,0.1574074074074074,19.74178240740741,30.0,108,0.3444394801955362
1,2,male,34.0,0,0,13.0,S,Second,man,True,D,Southampton,yes,True,0.1574074074074074,19.74178240740741,30.0,108,-0.3336984726090332
1,3,female,15.0,0,0,8.0292,Q,Third,child,False,Unknown,Queenstown,yes,True,0.5,16.118809722222224,21.5,144,-0.7865550587251358
1,1,male,28.0,0,0,35.5,S,First,man,True,A,Southampton,yes,True,0.36885245901639346,67.22612704918032,40.0,122,0.6557188297748954
0,3,female,8.0,3,1,21.075,S,Third,child,False,Unknown,Southampton,no,False,0.5,16.118809722222224,21.5,144,0.13649913806595457
1,3,female,38.0,1,5,31.3875,S,Third,woman,False,Unknown,Southampton,yes,False,0.5,16.118809722222224,21.5,144,0.5322916934007406
0,3,male,25.0,0,0,7.225,C,Third,man,True,Unknown,Cherbourg,no,True,0.13544668587896252,12.661632564841499,25.0,347,-0.8828741679067217
0,1,male,19.0,3,2,263.0,S,First,man,True,C,Southampton,no,False,0.36885245901639346,67.22612704918032,40.0,122,2.6987007794454887
1,3,female,21.5,0,0,7.8792,Q,Third,woman,False,Unknown,Queenstown,yes,True,0.5,16.118809722222224,21.5,144,-0.8038521494426432
0,3,male,25.0,0,0,7.8958,S,Third,man,True,Unknown,Southampton,no,True,0.13544668587896252,12.661632564841499,25.0,347,-0.8019236166026618
0,1,male,40.0,0,0,27.7208,C,First,man,True,Unknown,Cherbourg,no,True,0.36885245901639346,67.22612704918032,40.0,122,0.4082334475616762
1,1,female,35.0,1,0,146.5208,C,First,woman,False,B,Cherbourg,yes,False,0.9680851063829787,106.12579787234043,35.0,94,2.097794920021772
1,3,female,21.5,0,0,7.75,Q,Third,woman,False,Unknown,Queenstown,yes,True,0.5,16.118809722222224,21.5,144,-0.8189865811572414
0,2,male,66.0,0,0,10.5,S,Second,man,True,Unknown,Southampton,no,True,0.1574074074074074,19.74178240740741,30.0,108,-0.5368057694182641
0,1,male,28.0,1,0,82.1708,C,First,man,True,Unknown,Cherbourg,no,False,0.36885245901639346,67.22612704918032,40.0,122,1.5060857797883969
0,1,male,42.0,1,0,52.0,S,First,man,True,Unknown,Southampton,no,False,0.36885245901639346,67.22612704918032,40.0,122,1.0408277503255374
1,3,male,25.0,0,0,7.2292,C,Third,man,True,Unknown,Cherbourg,yes,True,0.13544668587896252,12.661632564841499,25.0,347,-0.8823470582632056
0,3,male,21.0,0,0,8.05,S,Third,man,True,Unknown,Southampton,no,True,0.13544668587896252,12.661632564841499,25.0,347,-0.7841792430073967
0,3,female,18.0,2,0,18.0,S,Third,woman,False,Unknown,Southampton,no,False,0.5,16.118809722222224,21.5,144,-0.01838583697289204
1,3,female,14.0,1,0,11.2417,C,Third,child,False,Unknown,Cherbourg,yes,False,0.5,16.118809722222224,21.5,144,-0.47227211715402734
0,3,female,40.0,1,0,9.475,S,Third,woman,False,Unknown,Southampton,no,False,0.5,16.118809722222224,21.5,144,-0.6331972544104211
0,2,female,27.0,1,0,21.0,S,Second,woman,False,Unknown,Southampton,no,False,0.9210526315789473,21.97012105263158,28.0,76,0.1329851701219792
0,3,male,25.0,0,0,7.8958,C,Third,man,True,Unknown,Cherbourg,no,True,0.13544668587896252,12.661632564841499,25.0,347,-0.8019236166026618
1,2,female,3.0,1,2,41.5792,C,Second,child,False,Unknown,Cherbourg,yes,False,0.9210526315789473,21.97012105263158,28.0,76,0.8147822510349934
1,3,female,19.0,0,0,7.8792,Q,Third,woman,False,Unknown,Queenstown,yes,True,0.5,16.118809722222224,21.5,144,-0.8038521494426432
0,3,male,25.0,0,0,8.05,S,Third,man,True,Unknown,Southampton,no,True,0.13544668587896252,12.661632564841499,25.0,347,-0.7841792430073967
0,3,male,25.0,1,0,15.5,Q,Third,man,True,Unknown,Queenstown,no,False,0.13544668587896252,12.661632564841499,25.0,347,-0.16405229962564447
1,3,female,21.5,0,0,7.75,Q,Third,woman,False,Unknown,Queenstown,yes,True,0.5,16.118809722222224,21.5,144,-0.8189865811572414
0,3,male,25.0,2,0,21.6792,C,Third,man,True,Unknown,Cherbourg,no,False,0.13544668587896252,12.661632564841499,25.0,347,0.1643797141666741
0,3,female,18.0,1,0,17.8,S,Third,woman,False,Unknown,Southampton,no,False,0.5,16.118809722222224,21.5,144,-0.0293120756270656
0,3,male,7.0,4,1,39.6875,S,Third,child,False,Unknown,Southampton,no,False,0.13544668587896252,12.661632564841499,25.0,347,0.7678594338107121
0,3,male,21.0,0,0,7.8,S,Third,man,True,Unknown,Southampton,no,True,0.13544668587896252,12.661632564841499,25.0,347,-0.8131032608653792
1,1,female,49.0,1,0,76.7292,C,First,woman,False,D,Cherbourg,yes,False,0.9680851063829787,106.12579787234043,35.0,94,1.4362199751817062
1,2,female,29.0,1,0,26.0,S,Second,woman,False,Unknown,Southampton,yes,False,0.9210526315789473,21.97012105263158,28.0,76,0.3444394801955362
0,1,male,65.0,0,1,61.9792,C,First,man,True,B,Cherbourg,no,False,0.36885245901639346,67.22612704918032,40.0,122,1.2189504454470093
1,1,male,40.0,0,0,35.5,S,First,man,True,C,Southampton,yes,True,0.36885245901639346,67.22612704918032,40.0,122,0.6557188297748954
1,2,female,21.0,0,0,10.5,S,Second,woman,False,Unknown,Southampton,yes,True,0.9210526315789473,21.97012105263158,28.0,76,-0.5368057694182641
0,3,male,28.5,0,0,7.2292,C,Third,man,True,Unknown,Cherbourg,no,True,0.13544668587896252,12.661632564841499,25.0,347,-0.8823470582632056
1,2,female,5.0,1,2,27.75,S,Second,child,False,Unknown,Southampton,yes,False,0.9210526315789473,21.97012105263158,28.0,76,0.40928266156909443
0,3,male,11.0,5,2,46.9,S,Third,child,False,Unknown,Southampton,no,False,0.13544668587896252,12.661632564841499,25.0,347,0.936361092700485
0,3,male,22.0,0,0,7.2292,C,Third,man,True,Unknown,Cherbourg,no,True,0.13544668587896252,12.661632564841499,25.0,347,-0.8823470582632056
1,1,female,38.0,0,0,80.0,S,First,woman,False,B,Southampton,yes,True,0.9680851063829787,106.12579787234043,35.0,94,1.4787785499834798
0,1,male,45.0,1,0,83.475,S,First,man,True,C,Southampton,no,False,0.36885245901639346,67.22612704918032,40.0,122,1.5221510751129648
0,3,male,4.0,3,2,27.9,S,Third,child,False,Unknown,Southampton,no,False,0.13544668587896252,12.661632564841499,25.0,347,0.4146557174979072
0,1,male,40.0,0,0,27.7208,C,First,man,True,Unknown,Cherbourg,no,True,0.36885245901639346,67.22612704918032,40.0,122,0.4082334475616762
1,3,male,25.0,1,1,15.2458,C,Third,man,True,Unknown,Cherbourg,yes,False,0.13544668587896252,12.661632564841499,25.0,347,-0.1800831698720664
1,2,female,29.0,0,0,10.5,S,Second,woman,False,F,Southampton,yes,True,0.9210526315789473,21.97012105263158,28.0,76,-0.5368057694182641
0,3,male,19.0,0,0,8.1583,S,Third,man,True,Unknown,Southampton,no,True,0.13544668587896252,12.661632564841499,25.0,347,-0.7718965778779472
1,3,female,17.0,4,2,7.925,S,Third,woman,False,Unknown,Southampton,yes,False,0.5,16.118809722222224,21.5,144,-0.798539974052802
0,3,male,26.0,2,0,8.6625,S,Third,man,True,Unknown,Southampton,no,False,0.13544668587896252,12.661632564841499,25.0,347,-0.7165619336211217
0,2,male,32.0,0,0,10.5,S,Second,man,True,Unknown,Southampton,no,True,0.1574074074074074,19.74178240740741,30.0,108,-0.5368057694182641
0,3,female,16.0,5,2,46.9,S,Third,woman,False,Unknown,Southampton,no,False,0.5,16.118809722222224,21.5,144,0.936361092700485
0,2,male,21.0,0,0,73.5,S,Second,man,True,Unknown,Southampton,no,True,0.1574074074074074,19.74178240740741,30.0,108,1.3924082286355355
0,3,male,26.0,1,0,14.4542,C,Third,man,True,Unknown,Cherbourg,no,False,0.13544668587896252,12.661632564841499,25.0,347,-0.23166125968823223
1,3,male,32.0,0,0,56.4958,S,Third,man,True,Unknown,Southampton,yes,True,0.13544668587896252,12.661632564841499,25.0,347,1.1248955097361595
0,3,male,25.0,0,0,7.65,S,Third,man,True,F,Southampton,no,True,0.13544668587896252,12.661632564841499,25.0,347,-0.830854756854953
0,3,male,25.0,0,0,7.8958,S,Third,man,True,Unknown,Southampton,no,True,0.13544668587896252,12.661632564841499,25.0,347,-0.8019236166026618
0,3,male,25.0,0,0,8.05,S,Third,man,True,Unknown,Southampton,no,True,0.13544668587896252,12.661632564841499,25.0,347,-0.7841792430073967
1,2,male,0.83,0,2,29.0,S,Second,child,False,Unknown,Southampton,yes,False,0.1574074074074074,19.74178240740741,30.0,108,0.4532263111425748
1,3,female,30.0,0,0,12.475,S,Third,woman,False,Unknown,Southampton,yes,True,0.5,16.118809722222224,21.5,144,-0.37316263612134226
0,3,male,22.0,0,0,9.0,S,Third,man,True,Unknown,Southampton,no,True,0.13544668587896252,12.661632564841499,25.0,347,-0.6811127586453682
1,3,male,29.0,0,0,9.5,S,Third,man,True,Unknown,Southampton,yes,True,0.13544668587896252,12.661632564841499,25.0,347,-0.6307359423566569
1,3,female,21.5,0,0,7.7875,Q,Third,woman,False,Unknown,Queenstown,yes,True,0.5,16.118809722222224,21.5,144,-0.8145709511162281
0,1,male,28.0,0,0,47.1,S,First,man,True,Unknown,Southampton,no,True,0.36885245901639346,67.22612704918032,40.0,122,0.940663265248102
1,2,female,17.0,0,0,10.5,S,Second,woman,False,Unknown,Southampton,yes,True,0.9210526315789473,21.97012105263158,28.0,76,-0.5368057694182641
1,3,female,33.0,3,0,15.85,S,Third,woman,False,Unknown,Southampton,yes,False,0.5,16.118809722222224,21.5,144,-0.1423794216910609
0,3,male,16.0,1,3,34.375,S,Third,man,True,Unknown,Southampton,no,False,0.13544668587896252,12.661632564841499,25.0,347,0.6233938271906204
0,3,male,25.0,0,0,8.05,S,Third,man,True,Unknown,Southampton,no,True,0.13544668587896252,12.661632564841499,25.0,347,-0.7841792430073967
1,1,female,23.0,3,2,263.0,S,First,woman,False,C,Southampton,yes,False,0.9680851063829787,106.12579787234043,35.0,94,2.6987007794454887
0,3,male,24.0,0,0,8.05,S,Third,man,True,Unknown,Southampton,no,True,0.13544668587896252,12.661632564841499,25.0,347,-0.7841792430073967
0,3,male,29.0,0,0,8.05,S,Third,man,True,Unknown,Southampton,no,True,0.13544668587896252,12.661632564841499,25.0,347,-0.7841792430073967
0,3,male,20.0,0,0,7.8542,S,Third,man,True,Unknown,Southampton,no,True,0.13544668587896252,12.661632564841499,25.0,347,-0.806763380796033
0,1,male,46.0,1,0,61.175,S,First,man,True,E,Southampton,no,False,0.36885245901639346,67.22612704918032,40.0,122,1.2056809915054134
0,3,male,26.0,1,2,20.575,S,Third,man,True,Unknown,Southampton,no,False,0.13544668587896252,12.661632564841499,25.0,347,0.11284358066326507
0,3,male,59.0,0,0,7.25,S,Third,man,True,Unknown,Southampton,no,True,0.13544668587896252,12.661632564841499,25.0,347,-0.8797405693934278
0,3,male,25.0,0,0,8.05,S,Third,man,True,Unknown,Southampton,no,True,0.13544668587896252,12.661632564841499,25.0,347,-0.7841792430073967
0,1,male,71.0,0,0,34.6542,C,First,man,True,A,Cherbourg,no,True,0.36885245901639346,67.22612704918032,40.0,122,0.6315110816648204
1,1,male,23.0,0,1,63.3583,C,First,man,True,D,Cherbourg,yes,False,0.36885245901639346,67.22612704918032,40.0,122,1.241316266924983
1,2,female,34.0,0,1,23.0,S,Second,woman,False,Unknown,Southampton,yes,False,0.9210526315789473,21.97012105263158,28.0,76,0.2228261499229997
0,2,male,34.0,1,0,26.0,S,Second,man,True,Unknown,Southampton,no,False,0.1574074074074074,19.74178240740741,30.0,108,0.3444394801955362
0,3,female,28.0,0,0,7.8958,S,Third,woman,False,Unknown,Southampton,no,True,0.5,16.118809722222224,21.5,144,-0.8019236166026618
0,3,male,25.0,0,0,7.8958,S,Third,man,True,Unknown,Southampton,no,True,0.13544668587896252,12.661632564841499,25.0,347,-0.8019236166026618
0,1,male,21.0,0,1,77.2875,S,First,man,True,D,Southampton,no,False,0.36885245901639346,67.22612704918032,40.0,122,1.443609675522841
0,3,male,33.0,0,0,8.6542,S,Third,man,True,Unknown,Southampton,no,True,0.13544668587896252,12.661632564841499,25.0,347,-0.7174492400289059
0,3,male,37.0,2,0,7.925,S,Third,man,True,Unknown,Southampton,no,False,0.13544668587896252,12.661632564841499,25.0,347,-0.798539974052802
0,3,male,28.0,0,0,7.8958,S,Third,man,True,Unknown,Southampton,no,True,0.13544668587896252,12.661632564841499,25.0,347,-0.8019236166026618
1,3,female,21.0,0,0,7.65,S,Third,woman,False,Unknown,Southampton,yes,True,0.5,16.118809722222224,21.5,144,-0.830854756854953
1,3,male,25.0,0,0,7.775,S,Third,man,True,Unknown,Southampton,yes,True,0.13544668587896252,12.661632564841499,25.0,347,-0.8160407306065733
0,3,male,38.0,0,0,7.8958,S,Third,man,True,Unknown,Southampton,no,True,0.13544668587896252,12.661632564841499,25.0,347,-0.8019236166026618
1,3,female,21.5,1,0,24.15,Q,Third,woman,False,Unknown,Queenstown,yes,False,0.5,16.118809722222224,21.5,144,0.2711522804976662
0,1,male,47.0,0,0,52.0,S,First,man,True,C,Southampton,no,True,0.36885245901639346,67.22612704918032,40.0,122,1.0408277503255374
0,3,female,14.5,1,0,14.4542,C,Third,child,False,Unknown,Cherbourg,no,False,0.5,16.118809722222224,21.5,144,-0.23166125968823223
0,3,male,22.0,0,0,8.05,S,Third,man,True,Unknown,Southampton,no,True,0.13544668587896252,12.661632564841499,25.0,347,-0.7841792430073967
0,3,female,20.0,1,0,9.825,S,Third,woman,False,Unknown,Southampton,no,False,0.5,16.118809722222224,21.5,144,-0.5992616204389827
0,3,female,17.0,0,0,14.4583,C,Third,woman,False,Unknown,Cherbourg,no,True,0.5,16.118809722222224,21.5,144,-0.23138736843472296
0,3,male,21.0,0,0,7.925,S,Third,man,True,Unknown,Southampton,no,True,0.13544668587896252,12.661632564841499,25.0,347,-0.798539974052802
0,3,male,70.5,0,0,7.75,Q,Third,man,True,Unknown,Queenstown,no,True,0.13544668587896252,12.661632564841499,25.0,347,-0.8189865811572414
0,2,male,29.0,1,0,21.0,S,Second,man,True,Unknown,Southampton,no,False,0.1574074074074074,19.74178240740741,30.0,108,0.1329851701219792
0,1,male,24.0,0,1,247.5208,C,First,man,True,B,Cherbourg,no,False,0.36885245901639346,67.22612704918032,40.0,122,2.6363132839087284
0,3,female,2.0,4,2,31.275,S,Third,child,False,Unknown,Southampton,no,False,0.5,16.118809722222224,21.5,144,0.5286989276421437
0,2,male,21.0,2,0,73.5,S,Second,man,True,Unknown,Southampton,no,False,0.1574074074074074,19.74178240740741,30.0,108,1.3924082286355355
0,3,male,25.0,0,0,8.05,S,Third,man,True,Unknown,Southampton,no,True,0.13544668587896252,12.661632564841499,25.0,347,-0.7841792430073967
0,2,male,32.5,1,0,30.0708,C,Second,man,True,Unknown,Cherbourg,no,False,0.1574074074074074,19.74178240740741,30.0,108,0.4894379098126231
1,2,female,32.5,0,0,13.0,S,Second,woman,False,E,Southampton,yes,True,0.9210526315789473,21.97012105263158,28.0,76,-0.3336984726090332
0,1,male,54.0,0,1,77.2875,S,First,man,True,D,Southampton,no,False,0.36885245901639346,67.22612704918032,40.0,122,1.443609675522841
1,3,male,12.0,1,0,11.2417,C,Third,child,False,Unknown,Cherbourg,yes,False,0.13544668587896252,12.661632564841499,25.0,347,-0.47227211715402734
0,3,male,25.0,0,0,7.75,Q,Third,man,True,Unknown,Queenstown,no,True,0.13544668587896252,12.661632564841499,25.0,347,-0.8189865811572414
1,3,male,24.0,0,0,7.1417,S,Third,man,True,Unknown,Southampton,yes,True,0.13544668587896252,12.661632564841499,25.0,347,-0.8933844909173265
1,3,female,21.5,1,1,22.3583,C,Third,woman,False,F,Cherbourg,yes,False,0.5,16.118809722222224,21.5,144,0.19484336402527688
0,3,male,45.0,0,0,6.975,S,Third,man,True,Unknown,Southampton,no,True,0.13544668587896252,12.661632564841499,25.0,347,-0.9147445967366699
0,3,male,33.0,0,0,7.8958,C,Third,man,True,Unknown,Cherbourg,no,True,0.13544668587896252,12.661632564841499,25.0,347,-0.8019236166026618
0,3,male,20.0,0,0,7.05,S,Third,man,True,Unknown,Southampton,no,True,0.13544668587896252,12.661632564841499,25.0,347,-0.9050797531497122
0,3,female,47.0,1,0,14.5,S,Third,woman,False,Unknown,Southampton,no,False,0.5,16.118809722222224,21.5,144,-0.2286058134653583
1,2,female,29.0,1,0,26.0,S,Second,woman,False,Unknown,Southampton,yes,False,0.9210526315789473,21.97012105263158,28.0,76,0.3444394801955362
0,2,male,25.0,0,0,13.0,S,Second,man,True,Unknown,Southampton,no,True,0.1574074074074074,19.74178240740741,30.0,108,-0.3336984726090332
0,2,male,23.0,0,0,15.0458,C,Second,man,True,Unknown,Cherbourg,no,True,0.1574074074074074,19.74178240740741,30.0,108,-0.19287328396337328
1,1,female,19.0,0,2,26.2833,S,First,woman,False,D,Southampton,yes,False,0.9680851063829787,106.12579787234043,35.0,94,0.3552168481314282
0,1,male,37.0,1,0,53.1,S,First,man,True,C,Southampton,no,False,0.36885245901639346,67.22612704918032,40.0,122,1.0620380556287106
0,3,male,16.0,0,0,9.2167,S,Third,man,True,Unknown,Southampton,no,True,0.13544668587896252,12.661632564841499,25.0,347,-0.6589770356240848
0,1,male,24.0,0,0,79.2,C,First,man,True,B,Cherbourg,no,True,0.36885245901639346,67.22612704918032,40.0,122,1.4685301291949246
0,3,female,21.5,0,2,15.2458,C,Third,woman,False,Unknown,Cherbourg,no,False,0.5,16.118809722222224,21.5,144,-0.1800831698720664
1,3,female,22.0,0,0,7.75,S,Third,woman,False,Unknown,Southampton,yes,True,0.5,16.118809722222224,21.5,144,-0.8189865811572414
1,3,female,24.0,1,0,15.85,S,Third,woman,False,Unknown,Southampton,yes,False,0.5,16.118809722222224,21.5,144,-0.1423794216910609
0,3,male,19.0,0,0,6.75,Q,Third,man,True,Unknown,Queenstown,no,True,0.13544668587896252,12.661632564841499,25.0,347,-0.9442940832331417
0,2,male,18.0,0,0,11.5,S,Second,man,True,Unknown,Southampton,no,True,0.1574074074074074,19.74178240740741,30.0,108,-0.4507125974257932
0,2,male,19.0,1,1,36.75,S,Second,man,True,Unknown,Southampton,no,False,0.1574074074074074,19.74178240740741,30.0,108,0.6904870950626278
1,3,male,27.0,0,0,7.7958,S,Third,man,True,Unknown,Southampton,yes,True,0.13544668587896252,12.661632564841499,25.0,347,-0.8135961720983267
0,3,female,9.0,2,2,34.375,S,Third,child,False,Unknown,Southampton,no,False,0.5,16.118809722222224,21.5,144,0.6233938271906204
0,2,male,36.5,0,2,26.0,S,Second,man,True,F,Southampton,no,False,0.1574074074074074,19.74178240740741,30.0,108,0.3444394801955362
0,2,male,42.0,0,0,13.0,S,Second,man,True,Unknown,Southampton,no,True,0.1574074074074074,19.74178240740741,30.0,108,-0.3336984726090332
0,2,male,51.0,0,0,12.525,S,Second,man,True,Unknown,Southampton,no,True,0.1574074074074074,19.74178240740741,30.0,108,-0.3693384839068557
1,1,female,22.0,1,0,66.6,S,First,woman,False,C,Southampton,yes,False,0.9680851063829787,106.12579787234043,35.0,94,1.2920564383571118
0,3,male,55.5,0,0,8.05,S,Third,man,True,Unknown,Southampton,no,True,0.13544668587896252,12.661632564841499,25.0,347,-0.7841792430073967
0,3,male,40.5,0,2,14.5,S,Third,man,True,Unknown,Southampton,no,False,0.13544668587896252,12.661632564841499,25.0,347,-0.2286058134653583
0,3,male,25.0,0,0,7.3125,S,Third,man,True,Unknown,Southampton,no,True,0.13544668587896252,12.661632564841499,25.0,347,-0.8719479292525482
0,1,male,51.0,0,1,61.3792,C,First,man,True,Unknown,Cherbourg,no,False,0.36885245901639346,67.22612704918032,40.0,122,1.2090665177433995
1,3,female,16.0,0,0,7.7333,Q,Third,woman,False,Unknown,Queenstown,yes,True,0.5,16.118809722222224,21.5,144,-0.8209591021193487
0,3,male,30.0,0,0,8.05,S,Third,man,True,Unknown,Southampton,no,True,0.13544668587896252,12.661632564841499,25.0,347,-0.7841792430073967
0,3,male,25.0,0,0,8.6625,S,Third,man,True,Unknown,Southampton,no,True,0.13544668587896252,12.661632564841499,25.0,347,-0.7165619336211217
0,3,male,25.0,8,2,69.55,S,Third,man,True,Unknown,Southampton,no,False,0.13544668587896252,12.661632564841499,25.0,347,1.3361591794576348
0,3,male,44.0,0,1,16.1,S,Third,man,True,Unknown,Southampton,no,False,0.13544668587896252,12.661632564841499,25.0,347,-0.12717266791993012
1,2,female,40.0,0,0,15.75,S,Second,woman,False,Unknown,Southampton,yes,True,0.9210526315789473,21.97012105263158,28.0,76,-0.1485253917280838
0,3,male,26.0,0,0,7.775,S,Third,man,True,Unknown,Southampton,no,True,0.13544668587896252,12.661632564841499,25.0,347,-0.8160407306065733
0,3,male,17.0,0,0,8.6625,S,Third,man,True,Unknown,Southampton,no,True,0.13544668587896252,12.661632564841499,25.0,347,-0.7165619336211217
0,3,male,1.0,4,1,39.6875,S,Third,child,False,Unknown,Southampton,no,False,0.13544668587896252,12.661632564841499,25.0,347,0.7678594338107121
1,3,male,9.0,0,2,20.525,S,Third,child,False,Unknown,Southampton,yes,False,0.13544668587896252,12.661632564841499,25.0,347,0.11044794172866994
1,1,female,35.0,0,1,55.0,S,First,woman,False,E,Southampton,yes,False,0.9680851063829787,106.12579787234043,35.0,94,1.0976780669265336
0,3,female,45.0,1,4,27.9,S,Third,woman,False,Unknown,Southampton,no,False,0.5,16.118809722222224,21.5,144,0.4146557174979072
0,1,male,40.0,0,0,25.925,S,First,man,True,Unknown,Southampton,no,True,0.36885245901639346,67.22612704918032,40.0,122,0.34156737843370105
0,3,male,28.0,0,0,56.4958,S,Third,man,True,Unknown,Southampton,no,True,0.13544668587896252,12.661632564841499,25.0,347,1.1248955097361595
0,1,male,61.0,0,0,33.5,S,First,man,True,B,Southampton,no,True,0.36885245901639346,67.22612704918032,40.0,122,0.5975333003696796
0,3,male,4.0,4,1,29.125,Q,Third,child,False,Unknown,Queenstown,no,False,0.13544668587896252,12.661632564841499,25.0,347,0.457519539438721
1,3,female,1.0,1,1,11.1333,S,Third,child,False,Unknown,Southampton,yes,False,0.5,16.118809722222224,21.5,144,-0.48145578049281285
0,3,male,21.0,0,0,7.925,S,Third,man,True,Unknown,Southampton,no,True,0.13544668587896252,12.661632564841499,25.0,347,-0.798539974052802
0,1,male,56.0,0,0,30.6958,C,First,man,True,A,Cherbourg,no,True,0.36885245901639346,67.22612704918032,40.0,122,0.5100012756239033
0,3,male,18.0,1,1,7.8542,S,Third,man,True,Unknown,Southampton,no,False,0.13544668587896252,12.661632564841499,25.0,347,-0.806763380796033
0,3,male,25.0,3,1,25.4667,S,Third,man,True,Unknown,Southampton,no,False,0.13544668587896252,12.661632564841499,25.0,347,0.32384119624754826
0,1,female,50.0,0,0,28.7125,C,First,woman,False,C,Cherbourg,no,True,0.9680851063829787,106.12579787234043,35.0,94,0.4432836100273541
0,2,male,30.0,0,0,13.0,S,Second,man,True,Unknown,Southampton,no,True,0.1574074074074074,19.74178240740741,30.0,108,-0.3336984726090332
0,3,male,36.0,0,0,0.0,S,Third,man,True,Unknown,Southampton,no,True,0.13544668587896252,12.661632564841499,25.0,347,-3.0585777291682934
0,3,female,21.5,8,2,69.55,S,Third,woman,False,Unknown,Southampton,no,False,0.5,16.118809722222224,21.5,144,1.3361591794576348
0,2,male,30.0,0,0,15.05,C,Second,man,True,Unknown,Cherbourg,no,True,0.1574074074074074,19.74178240740741,30.0,108,-0.19260305647698941
0,3,male,9.0,4,2,31.3875,S,Third,child,False,Unknown,Southampton,no,False,0.13544668587896252,12.661632564841499,25.0,347,0.5322916934007406
1,2,male,1.0,2,1,39.0,S,Second,child,False,F,Southampton,yes,False,0.1574074074074074,19.74178240740741,30.0,108,0.750263780890198
1,3,female,4.0,0,2,22.025,S,Third,child,False,Unknown,Southampton,yes,False,0.5,16.118809722222224,21.5,144,0.1800041951014629
0,1,male,40.0,0,0,50.0,S,First,man,True,A,Southampton,no,True,0.36885245901639346,67.22612704918032,40.0,122,1.0011105492142125
1,3,female,21.5,1,0,15.5,Q,Third,woman,False,Unknown,Queenstown,yes,False,0.5,16.118809722222224,21.5,144,-0.16405229962564447
1,1,male,45.0,0,0,26.55,S,First,man,True,Unknown,Southampton,yes,True,0.36885245901639346,67.22612704918032,40.0,122,0.36526093570402607
0,3,male,40.0,1,1,15.5,Q,Third,man,True,Unknown,Queenstown,no,False,0.13544668587896252,12.661632564841499,25.0,347,-0.16405229962564447
0,3,male,36.0,0,0,7.8958,S,Third,man,True,Unknown,Southampton,no,True,0.13544668587896252,12.661632564841499,25.0,347,-0.8019236166026618
1,2,female,32.0,0,0,13.0,S,Second,woman,False,Unknown,Southampton,yes,True,0.9210526315789473,21.97012105263158,28.0,76,-0.3336984726090332
0,2,male,19.0,0,0,13.0,S,Second,man,True,Unknown,Southampton,no,True,0.1574074074074074,19.74178240740741,30.0,108,-0.3336984726090332
1,3,female,19.0,1,0,7.8542,S,Third,woman,False,Unknown,Southampton,yes,False,0.5,16.118809722222224,21.5,144,-0.806763380796033
1,2,male,3.0,1,1,26.0,S,Second,child,False,F,Southampton,yes,False,0.1574074074074074,19.74178240740741,30.0,108,0.3444394801955362
1,1,female,44.0,0,0,27.7208,C,First,woman,False,B,Cherbourg,yes,True,0.9680851063829787,106.12579787234043,35.0,94,0.4082334475616762
1,1,female,58.0,0,0,146.5208,C,First,woman,False,B,Cherbourg,yes,True,0.9680851063829787,106.12579787234043,35.0,94,2.097794920021772
0,3,male,25.0,0,0,7.75,Q,Third,man,True,Unknown,Queenstown,no,True,0.13544668587896252,12.661632564841499,25.0,347,-0.8189865811572414
0,3,male,42.0,0,1,8.4042,S,Third,man,True,Unknown,Southampton,no,False,0.13544668587896252,12.661632564841499,25.0,347,-0.7445391097425902
1,3,female,21.5,0,0,7.75,Q,Third,woman,False,Unknown,Queenstown,yes,True,0.5,16.118809722222224,21.5,144,-0.8189865811572414
0,2,female,24.0,0,0,13.0,S,Second,woman,False,Unknown,Southampton,no,True,0.9210526315789473,21.97012105263158,28.0,76,-0.3336984726090332
0,3,male,28.0,0,0,9.5,S,Third,man,True,Unknown,Southampton,no,True,0.13544668587896252,12.661632564841499,25.0,347,-0.6307359423566569
0,3,male,25.0,8,2,69.55,S,Third,man,True,Unknown,Southampton,no,False,0.13544668587896252,12.661632564841499,25.0,347,1.3361591794576348
0,3,male,34.0,0,0,6.4958,S,Third,man,True,Unknown,Southampton,no,True,0.13544668587896252,12.661632564841499,25.0,347,-0.9787286015064478
0,3,male,45.5,0,0,7.225,C,Third,man,True,Unknown,Cherbourg,no,True,0.13544668587896252,12.661632564841499,25.0,347,-0.8828741679067217
1,3,male,18.0,0,0,8.05,S,Third,man,True,Unknown,Southampton,yes,True,0.13544668587896252,12.661632564841499,25.0,347,-0.7841792430073967
0,3,female,2.0,0,1,10.4625,S,Third,child,False,G,Southampton,no,False,0.5,16.118809722222224,21.5,144,-0.5401781836878246
0,3,male,32.0,1,0,15.85,S,Third,man,True,Unknown,Southampton,no,False,0.13544668587896252,12.661632564841499,25.0,347,-0.1423794216910609
1,3,male,26.0,0,0,18.7875,C,Third,man,True,Unknown,Cherbourg,yes,True,0.13544668587896252,12.661632564841499,25.0,347,0.023546289947323752
1,3,female,16.0,0,0,7.75,Q,Third,woman,False,Unknown,Queenstown,yes,True,0.5,16.118809722222224,21.5,144,-0.8189865811572414
1,1,male,40.0,0,0,31.0,C,First,man,True,A,Cherbourg,yes,True,0.36885245901639346,67.22612704918032,40.0,122,0.5198636196706229
0,3,male,24.0,0,0,7.05,S,Third,man,True,Unknown,Southampton,no,True,0.13544668587896252,12.661632564841499,25.0,347,-0.9050797531497122
1,2,female,35.0,0,0,21.0,S,Second,woman,False,Unknown,Southampton,yes,True,0.9210526315789473,21.97012105263158,28.0,76,0.1329851701219792
0,3,male,22.0,0,0,7.25,S,Third,man,True,Unknown,Southampton,no,True,0.13544668587896252,12.661632564841499,25.0,347,-0.8797405693934278
0,2,male,30.0,0,0,13.0,S,Second,man,True,Unknown,Southampton,no,True,0.1574074074074074,19.74178240740741,30.0,108,-0.3336984726090332
0,3,male,25.0,1,0,7.75,Q,Third,man,True,Unknown,Queenstown,no,False,0.13544668587896252,12.661632564841499,25.0,347,-0.8189865811572414
1,1,female,31.0,1,0,113.275,C,First,woman,False,D,Cherbourg,yes,False,0.9680851063829787,106.12579787234043,35.0,94,1.834129231109428
1,3,female,27.0,0,0,7.925,S,Third,woman,False,Unknown,Southampton,yes,True,0.5,16.118809722222224,21.5,144,-0.798539974052802
0,2,male,42.0,1,0,27.0,S,Second,man,True,Unknown,Southampton,no,False,0.1574074074074074,19.74178240740741,30.0,108,0.3819897971587497
1,1,female,32.0,0,0,76.2917,C,First,woman,False,D,Cherbourg,yes,True,0.9680851063829787,106.12579787234043,35.0,94,1.4303920040723752
0,2,male,30.0,0,0,10.5,S,Second,man,True,Unknown,Southampton,no,True,0.1574074074074074,19.74178240740741,30.0,108,-0.5368057694182641
1,3,male,16.0,0,0,8.05,S,Third,man,True,Unknown,Southampton,yes,True,0.13544668587896252,12.661632564841499,25.0,347,-0.7841792430073967
0,2,male,27.0,0,0,13.0,S,Second,man,True,Unknown,Southampton,no,True,0.1574074074074074,19.74178240740741,30.0,108,-0.3336984726090332
0,3,male,51.0,0,0,8.05,S,Third,man,True,Unknown,Southampton,no,True,0.13544668587896252,12.661632564841499,25.0,347,-0.7841792430073967
0,3,male,25.0,0,0,7.8958,S,Third,man,True,Unknown,Southampton,no,True,0.13544668587896252,12.661632564841499,25.0,347,-0.8019236166026618
1,1,male,38.0,1,0,90.0,S,First,man,True,C,Southampton,yes,False,0.36885245901639346,67.22612704918032,40.0,122,1.5989745568795648
0,3,male,22.0,0,0,9.35,S,Third,man,True,Unknown,Southampton,no,True,0.13544668587896252,12.661632564841499,25.0,347,-0.6455926003653025
1,2,male,19.0,0,0,10.5,S,Second,man,True,Unknown,Southampton,yes,True,0.1574074074074074,19.74178240740741,30.0,108,-0.5368057694182641
0,3,male,20.5,0,0,7.25,S,Third,man,True,Unknown,Southampton,no,True,0.13544668587896252,12.661632564841499,25.0,347,-0.8797405693934278
0,2,male,18.0,0,0,13.0,S,Second,man,True,Unknown,Southampton,no,True,0.1574074074074074,19.74178240740741,30.0,108,-0.3336984726090332
0,3,female,21.5,3,1,25.4667,S,Third,woman,False,Unknown,Southampton,no,False,0.5,16.118809722222224,21.5,144,0.32384119624754826
1,1,female,35.0,1,0,83.475,S,First,woman,False,C,Southampton,yes,False,0.9680851063829787,106.12579787234043,35.0,94,1.5221510751129648
0,3,male,29.0,0,0,7.775,S,Third,man,True,Unknown,Southampton,no,True,0.13544668587896252,12.661632564841499,25.0,347,-0.8160407306065733
0,2,male,59.0,0,0,13.5,S,Second,man,True,Unknown,Southampton,no,True,0.1574074074074074,19.74178240740741,30.0,108,-0.29746598596845064
1,3,female,5.0,4,2,31.3875,S,Third,child,False,Unknown,Southampton,yes,False,0.5,16.118809722222224,21.5,144,0.5322916934007406
0,2,male,24.0,0,0,10.5,S,Second,man,True,Unknown,Southampton,no,True,0.1574074074074074,19.74178240740741,30.0,108,-0.5368057694182641
0,3,female,21.5,0,0,7.55,S,Third,woman,False,Unknown,Southampton,no,True,0.5,16.118809722222224,21.5,144,-0.8428609376877135
0,2,male,44.0,1,0,26.0,S,Second,man,True,Unknown,Southampton,no,False,0.1574074074074074,19.74178240740741,30.0,108,0.3444394801955362
1,2,female,8.0,0,2,26.25,S,Second,child,False,Unknown,Southampton,yes,False,0.9210526315789473,21.97012105263158,28.0,76,0.35395586016517094
0,2,male,19.0,0,0,10.5,S,Second,man,True,Unknown,Southampton,no,True,0.1574074074074074,19.74178240740741,30.0,108,-0.5368057694182641
0,2,male,33.0,0,0,12.275,S,Second,man,True,Unknown,Southampton,no,True,0.1574074074074074,19.74178240740741,30.0,108,-0.3886024739916458
0,3,female,21.5,1,0,14.4542,C,Third,woman,False,Unknown,Cherbourg,no,False,0.5,16.118809722222224,21.5,144,-0.23166125968823223
1,3,female,21.5,1,0,15.5,Q,Third,woman,False,Unknown,Queenstown,yes,False,0.5,16.118809722222224,21.5,144,-0.16405229962564447
0,2,male,29.0,0,0,10.5,S,Second,man,True,Unknown,Southampton,no,True,0.1574074074074074,19.74178240740741,30.0,108,-0.5368057694182641
0,3,male,22.0,0,0,7.125,S,Third,man,True,Unknown,Southampton,no,True,0.13544668587896252,12.661632564841499,25.0,347,-0.8955045384601199
0,3,male,30.0,0,0,7.225,C,Third,man,True,Unknown,Cherbourg,no,True,0.13544668587896252,12.661632564841499,25.0,347,-0.8828741679067217
0,1,male,44.0,2,0,90.0,Q,First,man,True,C,Queenstown,no,False,0.36885245901639346,67.22612704918032,40.0,122,1.5989745568795648
0,3,female,25.0,0,0,7.775,S,Third,woman,False,Unknown,Southampton,no,True,0.5,16.118809722222224,21.5,144,-0.8160407306065733
1,2,female,24.0,0,2,14.5,S,Second,woman,False,Unknown,Southampton,yes,False,0.9210526315789473,21.97012105263158,28.0,76,-0.2286058134653583
1,1,male,37.0,1,1,52.5542,S,First,man,True,D,Southampton,yes,False,0.36885245901639346,67.22612704918032,40.0,122,1.0515683442816504
0,2,male,54.0,1,0,26.0,S,Second,man,True,Unknown,Southampton,no,False,0.1574074074074074,19.74178240740741,30.0,108,0.3444394801955362
0,3,male,25.0,0,0,7.25,S,Third,man,True,Unknown,Southampton,no,True,0.13544668587896252,12.661632564841499,25.0,347,-0.8797405693934278
0,3,female,29.0,1,1,10.4625,S,Third,woman,False,G,Southampton,no,False,0.5,16.118809722222224,21.5,144,-0.5401781836878246
0,1,male,62.0,0,0,26.55,S,First,man,True,C,Southampton,no,True,0.36885245901639346,67.22612704918032,40.0,122,0.36526093570402607
0,3,male,30.0,1,0,16.1,S,Third,man,True,Unknown,Southampton,no,False,0.13544668587896252,12.661632564841499,25.0,347,-0.12717266791993012
0,3,female,41.0,0,2,20.2125,S,Third,woman,False,Unknown,Southampton,no,False,0.5,16.118809722222224,21.5,144,0.09534793704965058
1,3,female,29.0,0,2,15.2458,C,Third,woman,False,Unknown,Cherbourg,yes,False,0.5,16.118809722222224,21.5,144,-0.1800831698720664
1,1,female,35.0,0,0,79.2,C,First,woman,False,Unknown,Cherbourg,yes,True,0.9680851063829787,106.12579787234043,35.0,94,1.4685301291949246
1,1,female,30.0,0,0,86.5,S,First,woman,False,B,Southampton,yes,True,0.9680851063829787,106.12579787234043,35.0,94,1.5584783893656837
1,1,female,35.0,0,0,512.3292,C,First,woman,False,Unknown,Cherbourg,yes,True,0.9680851063829787,106.12579787234043,35.0,94,3.3852937438182273
1,2,female,50.0,0,1,26.0,S,Second,woman,False,Unknown,Southampton,yes,False,0.9210526315789473,21.97012105263158,28.0,76,0.3444394801955362
0,3,male,25.0,0,0,7.75,Q,Third,man,True,Unknown,Queenstown,no,True,0.13544668587896252,12.661632564841499,25.0,347,-0.8189865811572414
1,3,male,3.0,4,2,31.3875,S,Third,child,False,Unknown,Southampton,yes,False,0.13544668587896252,12.661632564841499,25.0,347,0.5322916934007406
0,1,male,52.0,1,1,79.65,S,First,man,True,E,Southampton,no,False,0.36885245901639346,67.22612704918032,40.0,122,1.4743073772537167
0,1,male,40.0,0,0,0.0,S,First,man,True,B,Southampton,no,True,0.36885245901639346,67.22612704918032,40.0,122,-3.0585777291682934
0,3,female,21.5,0,0,7.75,Q,Third,woman,False,Unknown,Queenstown,no,True,0.5,16.118809722222224,21.5,144,-0.8189865811572414
0,2,male,36.0,0,0,10.5,S,Second,man,True,Unknown,Southampton,no,True,0.1574074074074074,19.74178240740741,30.0,108,-0.5368057694182641
0,3,male,16.0,4,1,39.6875,S,Third,man,True,Unknown,Southampton,no,False,0.13544668587896252,12.661632564841499,25.0,347,0.7678594338107121
1,3,male,25.0,1,0,7.775,S,Third,man,True,Unknown,Southampton,yes,False,0.13544668587896252,12.661632564841499,25.0,347,-0.8160407306065733
1,1,female,58.0,0,1,153.4625,S,First,woman,False,C,Southampton,yes,False,0.9680851063829787,106.12579787234043,35.0,94,2.14527242190355
1,1,female,35.0,0,0,135.6333,S,First,woman,False,C,Southampton,yes,True,0.9680851063829787,106.12579787234043,35.0,94,2.0186331792044068
0,1,male,40.0,0,0,31.0,S,First,man,True,Unknown,Southampton,no,True,0.36885245901639346,67.22612704918032,40.0,122,0.5198636196706229
1,3,male,25.0,0,0,0.0,S,Third,man,True,Unknown,Southampton,yes,True,0.13544668587896252,12.661632564841499,25.0,347,-3.0585777291682934
1,2,female,41.0,0,1,19.5,S,Second,woman,False,Unknown,Southampton,yes,False,0.9210526315789473,21.97012105263158,28.0,76,0.06007112543995847
0,1,male,37.0,0,1,29.7,C,First,man,True,C,Cherbourg,no,False,0.36885245901639346,67.22612704918032,40.0,122,0.4770416648490861
1,3,female,21.5,0,0,7.75,Q,Third,woman,False,Unknown,Queenstown,yes,True,0.5,16.118809722222224,21.5,144,-0.8189865811572414
1,1,female,63.0,1,0,77.9583,S,First,woman,False,D,Southampton,yes,False,0.9680851063829787,106.12579787234043,35.0,94,1.452419049919151
0,3,female,45.0,0,0,7.75,S,Third,woman,False,Unknown,Southampton,no,True,0.5,16.118809722222224,21.5,144,-0.8189865811572414
0,2,male,30.0,0,0,0.0,S,Second,man,True,Unknown,Southampton,no,True,0.1574074074074074,19.74178240740741,30.0,108,-3.0585777291682934
0,3,male,7.0,4,1,29.125,Q,Third,child,False,Unknown,Queenstown,no,False,0.13544668587896252,12.661632564841499,25.0,347,0.457519539438721
1,3,female,35.0,1,1,20.25,S,Third,woman,False,Unknown,Southampton,yes,False,0.5,16.118809722222224,21.5,144,0.0971716406458445
0,3,male,65.0,0,0,7.75,Q,Third,man,True,Unknown,Queenstown,no,True,0.13544668587896252,12.661632564841499,25.0,347,-0.8189865811572414
0,3,male,28.0,0,0,7.8542,S,Third,man,True,Unknown,Southampton,no,True,0.13544668587896252,12.661632564841499,25.0,347,-0.806763380796033
0,3,male,16.0,0,0,9.5,S,Third,man,True,Unknown,Southampton,no,True,0.13544668587896252,12.661632564841499,25.0,347,-0.6307359423566569
1,3,male,19.0,0,0,8.05,S,Third,man,True,Unknown,Southampton,yes,True,0.13544668587896252,12.661632564841499,25.0,347,-0.7841792430073967
0,1,male,40.0,0,0,26.0,S,First,man,True,A,Southampton,no,True,0.36885245901639346,67.22612704918032,40.0,122,0.3444394801955362
0,3,male,33.0,0,0,8.6625,C,Third,man,True,Unknown,Cherbourg,no,True,0.13544668587896252,12.661632564841499,25.0,347,-0.7165619336211217
1,3,male,30.0,0,0,9.5,S,Third,man,True,Unknown,Southampton,yes,True,0.13544668587896252,12.661632564841499,25.0,347,-0.6307359423566569
0,3,male,22.0,0,0,7.8958,S,Third,man,True,Unknown,Southampton,no,True,0.13544668587896252,12.661632564841499,25.0,347,-0.8019236166026618
1,2,male,42.0,0,0,13.0,S,Second,man,True,Unknown,Southampton,yes,True,0.1574074074074074,19.74178240740741,30.0,108,-0.3336984726090332
1,3,female,22.0,0,0,7.75,Q,Third,woman,False,Unknown,Queenstown,yes,True,0.5,16.118809722222224,21.5,144,-0.8189865811572414
1,1,female,26.0,0,0,78.85,S,First,woman,False,Unknown,Southampton,yes,True,0.9680851063829787,106.12579787234043,35.0,94,1.464014258564117
1,1,female,19.0,1,0,91.0792,C,First,woman,False,B,Cherbourg,yes,False,0.9680851063829787,106.12579787234043,35.0,94,1.6111475224786775
0,2,male,36.0,0,0,12.875,C,Second,man,True,D,Cherbourg,no,True,0.1574074074074074,19.74178240740741,30.0,108,-0.3429588030007618
0,3,female,24.0,0,0,8.85,S,Third,woman,False,Unknown,Southampton,no,True,0.5,16.118809722222224,21.5,144,-0.6967178907118832
0,3,male,24.0,0,0,7.8958,S,Third,man,True,Unknown,Southampton,no,True,0.13544668587896252,12.661632564841499,25.0,347,-0.8019236166026618
0,1,male,40.0,0,0,27.7208,C,First,man,True,Unknown,Cherbourg,no,True,0.36885245901639346,67.22612704918032,40.0,122,0.4082334475616762
0,3,male,23.5,0,0,7.2292,C,Third,man,True,Unknown,Cherbourg,no,True,0.13544668587896252,12.661632564841499,25.0,347,-0.8823470582632056
0,1,female,2.0,1,2,151.55,S,First,child,False,C,Southampton,no,False,0.9680851063829787,106.12579787234043,35.0,94,2.132408321022389
1,1,male,40.0,0,0,30.5,S,First,man,True,C,Southampton,yes,True,0.36885245901639346,67.22612704918032,40.0,122,0.5036031274312862
1,1,female,50.0,0,1,247.5208,C,First,woman,False,B,Cherbourg,yes,False,0.9680851063829787,106.12579787234043,35.0,94,2.6363132839087284
1,3,female,21.5,0,0,7.75,Q,Third,woman,False,Unknown,Queenstown,yes,True,0.5,16.118809722222224,21.5,144,-0.8189865811572414
1,3,male,25.0,2,0,23.25,Q,Third,man,True,Unknown,Queenstown,yes,False,0.13544668587896252,12.661632564841499,25.0,347,0.23352593393921808
0,3,male,19.0,0,0,0.0,S,Third,man,True,Unknown,Southampton,no,True,0.13544668587896252,12.661632564841499,25.0,347,-3.0585777291682934
1,2,female,28.0,0,0,12.35,Q,Second,woman,False,E,Queenstown,yes,True,0.9210526315789473,21.97012105263158,28.0,76,-0.38278544498532663
0,3,male,25.0,0,0,8.05,S,Third,man,True,Unknown,Southampton,no,True,0.13544668587896252,12.661632564841499,25.0,347,-0.7841792430073967
1,1,male,0.92,1,2,151.55,S,First,child,False,C,Southampton,yes,False,0.36885245901639346,67.22612704918032,40.0,122,2.132408321022389
1,1,female,35.0,0,0,110.8833,C,First,woman,False,Unknown,Cherbourg,yes,True,0.9680851063829787,106.12579787234043,35.0,94,1.812289926928167
1,1,female,17.0,1,0,108.9,C,First,woman,False,C,Cherbourg,yes,False,0.9680851063829787,106.12579787234043,35.0,94,1.7938227894866787
0,2,male,30.0,1,0,24.0,C,Second,man,True,Unknown,Cherbourg,no,False,0.1574074074074074,19.74178240740741,30.0,108,0.26497567234198965
1,1,female,30.0,0,0,56.9292,C,First,woman,False,E,Cherbourg,yes,True,0.9680851063829787,106.12579787234043,35.0,94,1.1326493972880125
1,1,female,24.0,0,0,83.1583,C,First,woman,False,C,Cherbourg,yes,True,0.9680851063829787,106.12579787234043,35.0,94,1.5182728441543658
1,1,female,18.0,2,2,262.375,C,First,woman,False,B,Cherbourg,yes,False,0.9680851063829787,106.12579787234043,35.0,94,2.6962534687059603
0,2,female,26.0,1,1,26.0,S,Second,woman,False,Unknown,Southampton,no,False,0.9210526315789473,21.97012105263158,28.0,76,0.3444394801955362
0,3,male,28.0,0,0,7.8958,S,Third,man,True,Unknown,Southampton,no,True,0.13544668587896252,12.661632564841499,25.0,347,-0.8019236166026618
0,2,male,43.0,1,1,26.25,S,Second,man,True,Unknown,Southampton,no,False,0.1574074074074074,19.74178240740741,30.0,108,0.35395586016517094
1,3,female,26.0,0,0,7.8542,S,Third,woman,False,Unknown,Southampton,yes,True,0.5,16.118809722222224,21.5,144,-0.806763380796033
1,2,female,24.0,1,0,26.0,S,Second,woman,False,Unknown,Southampton,yes,False,0.9210526315789473,21.97012105263158,28.0,76,0.3444394801955362
0,2,male,54.0,0,0,14.0,S,Second,man,True,Unknown,Southampton,no,True,0.1574074074074074,19.74178240740741,30.0,108,-0.2624619586252086
1,1,female,31.0,0,2,164.8667,S,First,woman,False,C,Southampton,yes,False,0.9680851063829787,106.12579787234043,35.0,94,2.218822021910339
1,1,female,40.0,1,1,134.5,C,First,woman,False,E,Cherbourg,yes,False,0.9680851063829787,106.12579787234043,35.0,94,2.010033264475824
0,3,male,22.0,0,0,7.25,S,Third,man,True,Unknown,Southampton,no,True,0.13544668587896252,12.661632564841499,25.0,347,-0.8797405693934278
0,3,male,27.0,0,0,7.8958,S,Third,man,True,Unknown,Southampton,no,True,0.13544668587896252,12.661632564841499,25.0,347,-0.8019236166026618
1,2,female,30.0,0,0,12.35,Q,Second,woman,False,Unknown,Queenstown,yes,True,0.9210526315789473,21.97012105263158,28.0,76,-0.38278544498532663
1,2,female,22.0,1,1,29.0,S,Second,woman,False,Unknown,Southampton,yes,False,0.9210526315789473,21.97012105263158,28.0,76,0.4532263111425748
0,3,male,25.0,8,2,69.55,S,Third,man,True,Unknown,Southampton,no,False,0.13544668587896252,12.661632564841499,25.0,347,1.3361591794576348
1,1,female,36.0,0,0,135.6333,C,First,woman,False,C,Cherbourg,yes,True,0.9680851063829787,106.12579787234043,35.0,94,2.0186331792044068
0,3,male,61.0,0,0,6.2375,S,Third,man,True,Unknown,Southampton,no,True,0.13544668587896252,12.661632564841499,25.0,347,-1.0149359989180027
1,2,female,36.0,0,0,13.0,S,Second,woman,False,D,Southampton,yes,True,0.9210526315789473,21.97012105263158,28.0,76,-0.3336984726090332
1,3,female,31.0,1,1,20.525,S,Third,woman,False,Unknown,Southampton,yes,False,0.5,16.118809722222224,21.5,144,0.11044794172866994
1,1,female,16.0,0,1,57.9792,C,First,woman,False,B,Cherbourg,yes,False,0.9680851063829787,106.12579787234043,35.0,94,1.1511968252901217
1,3,female,21.5,2,0,23.25,Q,Third,woman,False,Unknown,Queenstown,yes,False,0.5,16.118809722222224,21.5,144,0.23352593393921808
0,1,male,45.5,0,0,28.5,S,First,man,True,C,Southampton,no,True,0.36885245901639346,67.22612704918032,40.0,122,0.4358726267231761
0,1,male,38.0,0,1,153.4625,S,First,man,True,C,Southampton,no,False,0.36885245901639346,67.22612704918032,40.0,122,2.14527242190355
0,3,male,16.0,2,0,18.0,S,Third,man,True,Unknown,Southampton,no,False,0.13544668587896252,12.661632564841499,25.0,347,-0.01838583697289204
1,1,female,35.0,1,0,133.65,S,First,woman,False,Unknown,Southampton,yes,False,0.9680851063829787,106.12579787234043,35.0,94,2.003535801391161
0,3,male,25.0,0,0,7.8958,S,Third,man,True,Unknown,Southampton,no,True,0.13544668587896252,12.661632564841499,25.0,347,-0.8019236166026618
0,1,male,29.0,1,0,66.6,S,First,man,True,C,Southampton,no,False,0.36885245901639346,67.22612704918032,40.0,122,1.2920564383571118
1,1,female,41.0,0,0,134.5,C,First,woman,False,E,Cherbourg,yes,True,0.9680851063829787,106.12579787234043,35.0,94,2.010033264475824
1,3,male,45.0,0,0,8.05,S,Third,man,True,Unknown,Southampton,yes,True,0.13544668587896252,12.661632564841499,25.0,347,-0.7841792430073967
0,1,male,45.0,0,0,35.5,S,First,man,True,Unknown,Southampton,no,True,0.36885245901639346,67.22612704918032,40.0,122,0.6557188297748954
1,2,male,2.0,1,1,26.0,S,Second,child,False,F,Southampton,yes,False,0.1574074074074074,19.74178240740741,30.0,108,0.3444394801955362
1,1,female,24.0,3,2,263.0,S,First,woman,False,C,Southampton,yes,False,0.9680851063829787,106.12579787234043,35.0,94,2.6987007794454887
0,2,male,28.0,0,0,13.0,S,Second,man,True,Unknown,Southampton,no,True,0.1574074074074074,19.74178240740741,30.0,108,-0.3336984726090332
0,2,male,25.0,0,0,13.0,S,Second,man,True,Unknown,Southampton,no,True,0.1574074074074074,19.74178240740741,30.0,108,-0.3336984726090332
0,2,male,36.0,0,0,13.0,S,Second,man,True,Unknown,Southampton,no,True,0.1574074074074074,19.74178240740741,30.0,108,-0.3336984726090332
1,2,female,24.0,0,0,13.0,S,Second,woman,False,F,Southampton,yes,True,0.9210526315789473,21.97012105263158,28.0,76,-0.3336984726090332
1,2,female,40.0,0,0,13.0,S,Second,woman,False,Unknown,Southampton,yes,True,0.9210526315789473,21.97012105263158,28.0,76,-0.3336984726090332
1,3,female,21.5,1,0,16.1,S,Third,woman,False,Unknown,Southampton,yes,False,0.5,16.118809722222224,21.5,144,-0.12717266791993012
1,3,male,3.0,1,1,15.9,S,Third,child,False,Unknown,Southampton,yes,False,0.13544668587896252,12.661632564841499,25.0,347,-0.13932010117845442
0,3,male,42.0,0,0,8.6625,S,Third,man,True,Unknown,Southampton,no,True,0.13544668587896252,12.661632564841499,25.0,347,-0.7165619336211217
0,3,male,23.0,0,0,9.225,S,Third,man,True,Unknown,Southampton,no,True,0.13544668587896252,12.661632564841499,25.0,347,-0.658138561741074
0,1,male,40.0,0,0,35.0,S,First,man,True,C,Southampton,no,True,0.36885245901639346,67.22612704918032,40.0,122,0.6414769499431594
0,3,male,15.0,1,1,7.2292,C,Third,child,False,Unknown,Cherbourg,no,False,0.13544668587896252,12.661632564841499,25.0,347,-0.8823470582632056
0,3,male,25.0,1,0,17.8,S,Third,man,True,Unknown,Southampton,no,False,0.13544668587896252,12.661632564841499,25.0,347,-0.0293120756270656
0,3,male,25.0,0,0,7.225,C,Third,man,True,Unknown,Cherbourg,no,True,0.13544668587896252,12.661632564841499,25.0,347,-0.8828741679067217
0,3,male,28.0,0,0,9.5,S,Third,man,True,Unknown,Southampton,no,True,0.13544668587896252,12.661632564841499,25.0,347,-0.6307359423566569
1,1,female,22.0,0,1,55.0,S,First,woman,False,E,Southampton,yes,False,0.9680851063829787,106.12579787234043,35.0,94,1.0976780669265336
0,2,female,38.0,0,0,13.0,S,Second,woman,False,Unknown,Southampton,no,True,0.9210526315789473,21.97012105263158,28.0,76,-0.3336984726090332
1,3,female,21.5,0,0,7.8792,Q,Third,woman,False,Unknown,Queenstown,yes,True,0.5,16.118809722222224,21.5,144,-0.8038521494426432
1,3,female,21.5,0,0,7.8792,Q,Third,woman,False,Unknown,Queenstown,yes,True,0.5,16.118809722222224,21.5,144,-0.8038521494426432
0,3,male,40.0,1,4,27.9,S,Third,man,True,Unknown,Southampton,no,False,0.13544668587896252,12.661632564841499,25.0,347,0.4146557174979072
0,2,male,29.0,1,0,27.7208,C,Second,man,True,Unknown,Cherbourg,no,False,0.1574074074074074,19.74178240740741,30.0,108,0.4082334475616762
0,3,female,45.0,0,1,14.4542,C,Third,woman,False,Unknown,Cherbourg,no,False,0.5,16.118809722222224,21.5,144,-0.23166125968823223
0,3,male,35.0,0,0,7.05,S,Third,man,True,Unknown,Southampton,no,True,0.13544668587896252,12.661632564841499,25.0,347,-0.9050797531497122
0,3,male,25.0,1,0,15.5,Q,Third,man,True,Unknown,Queenstown,no,False,0.13544668587896252,12.661632564841499,25.0,347,-0.16405229962564447
0,3,male,30.0,0,0,7.25,S,Third,man,True,Unknown,Southampton,no,True,0.13544668587896252,12.661632564841499,25.0,347,-0.8797405693934278
1,1,female,60.0,1,0,75.25,C,First,woman,False,D,Cherbourg,yes,False,0.9680851063829787,106.12579787234043,35.0,94,1.4163815756188534
1,3,female,21.5,0,0,7.2292,C,Third,woman,False,Unknown,Cherbourg,yes,True,0.5,16.118809722222224,21.5,144,-0.8823470582632056
1,3,female,21.5,0,0,7.75,Q,Third,woman,False,Unknown,Queenstown,yes,True,0.5,16.118809722222224,21.5,144,-0.8189865811572414
1,1,female,24.0,0,0,69.3,C,First,woman,False,B,Cherbourg,yes,True,0.9680851063829787,106.12579787234043,35.0,94,1.3324938581871215
1,1,male,25.0,1,0,55.4417,C,First,man,True,E,Cherbourg,yes,False,0.36885245901639346,67.22612704918032,40.0,122,1.1057901177672143
0,3,male,18.0,1,0,6.4958,S,Third,man,True,Unknown,Southampton,no,False,0.13544668587896252,12.661632564841499,25.0,347,-0.9787286015064478
0,3,male,19.0,0,0,8.05,S,Third,man,True,Unknown,Southampton,no,True,0.13544668587896252,12.661632564841499,25.0,347,-0.7841792430073967
0,1,male,22.0,0,0,135.6333,C,First,man,True,Unknown,Cherbourg,no,True,0.36885245901639346,67.22612704918032,40.0,122,2.0186331792044068
0,3,female,3.0,3,1,21.075,S,Third,child,False,Unknown,Southampton,no,False,0.5,16.118809722222224,21.5,144,0.13649913806595457
1,1,female,35.0,1,0,82.1708,C,First,woman,False,Unknown,Cherbourg,yes,False,0.9680851063829787,106.12579787234043,35.0,94,1.5060857797883969
1,3,female,22.0,0,0,7.25,S,Third,woman,False,Unknown,Southampton,yes,True,0.5,16.118809722222224,21.5,144,-0.8797405693934278
0,1,male,27.0,0,2,211.5,C,First,man,True,C,Cherbourg,no,False,0.36885245901639346,67.22612704918032,40.0,122,2.4746366111687697
0,3,male,20.0,0,0,4.0125,C,Third,man,True,Unknown,Cherbourg,no,True,0.13544668587896252,12.661632564841499,25.0,347,-1.3942229498762084
0,3,male,19.0,0,0,7.775,S,Third,man,True,Unknown,Southampton,no,True,0.13544668587896252,12.661632564841499,25.0,347,-0.8160407306065733
1,1,female,42.0,0,0,227.525,C,First,woman,False,Unknown,Cherbourg,yes,True,0.9680851063829787,106.12579787234043,35.0,94,2.5497045522452972
1,3,female,1.0,0,2,15.7417,C,Third,child,False,Unknown,Cherbourg,yes,False,0.5,16.118809722222224,21.5,144,-0.14903715526900022
0,3,male,32.0,0,0,7.925,S,Third,man,True,Unknown,Southampton,no,True,0.13544668587896252,12.661632564841499,25.0,347,-0.798539974052802
1,1,female,35.0,1,0,52.0,S,First,woman,False,Unknown,Southampton,yes,False,0.9680851063829787,106.12579787234043,35.0,94,1.0408277503255374
0,3,male,25.0,0,0,7.8958,S,Third,man,True,Unknown,Southampton,no,True,0.13544668587896252,12.661632564841499,25.0,347,-0.8019236166026618
0,2,male,18.0,0,0,73.5,S,Second,man,True,Unknown,Southampton,no,True,0.1574074074074074,19.74178240740741,30.0,108,1.3924082286355355
0,3,male,1.0,5,2,46.9,S,Third,child,False,Unknown,Southampton,no,False,0.13544668587896252,12.661632564841499,25.0,347,0.936361092700485
1,2,female,36.0,0,0,13.0,S,Second,woman,False,Unknown,Southampton,yes,True,0.9210526315789473,21.97012105263158,28.0,76,-0.3336984726090332
0,3,male,25.0,0,0,7.7292,Q,Third,man,True,Unknown,Queenstown,no,True,0.13544668587896252,12.661632564841499,25.0,347,-0.8214439504217126
1,2,female,17.0,0,0,12.0,C,Second,woman,False,Unknown,Cherbourg,yes,True,0.9210526315789473,21.97012105263158,28.0,76,-0.4102164299119116
1,1,male,36.0,1,2,120.0,S,First,man,True,B,Southampton,yes,False,0.36885245901639346,67.22612704918032,40.0,122,1.8931715298766851
1,3,male,21.0,0,0,7.7958,S,Third,man,True,Unknown,Southampton,yes,True,0.13544668587896252,12.661632564841499,25.0,347,-0.8135961720983267
0,3,male,28.0,2,0,7.925,S,Third,man,True,Unknown,Southampton,no,False,0.13544668587896252,12.661632564841499,25.0,347,-0.798539974052802
1,1,female,23.0,1,0,113.275,C,First,woman,False,D,Cherbourg,yes,False,0.9680851063829787,106.12579787234043,35.0,94,1.834129231109428
1,3,female,24.0,0,2,16.7,S,Third,woman,False,G,Southampton,yes,False,0.5,16.118809722222224,21.5,144,-0.09156500424402261
0,3,male,22.0,0,0,7.7958,S,Third,man,True,Unknown,Southampton,no,True,0.13544668587896252,12.661632564841499,25.0,347,-0.8135961720983267
0,3,female,31.0,0,0,7.8542,S,Third,woman,False,Unknown,Southampton,no,True,0.5,16.118809722222224,21.5,144,-0.806763380796033
0,2,male,46.0,0,0,26.0,S,Second,man,True,Unknown,Southampton,no,True,0.1574074074074074,19.74178240740741,30.0,108,0.3444394801955362
0,2,male,23.0,0,0,10.5,S,Second,man,True,Unknown,Southampton,no,True,0.1574074074074074,19.74178240740741,30.0,108,-0.5368057694182641
1,2,female,28.0,0,0,12.65,S,Second,woman,False,Unknown,Southampton,yes,True,0.9210526315789473,21.97012105263158,28.0,76,-0.35983961362319966
1,3,male,39.0,0,0,7.925,S,Third,man,True,Unknown,Southampton,yes,True,0.13544668587896252,12.661632564841499,25.0,347,-0.798539974052802
0,3,male,26.0,0,0,8.05,S,Third,man,True,Unknown,Southampton,no,True,0.13544668587896252,12.661632564841499,25.0,347,-0.7841792430073967
0,3,female,21.0,1,0,9.825,S,Third,woman,False,Unknown,Southampton,no,False,0.5,16.118809722222224,21.5,144,-0.5992616204389827
0,3,male,28.0,1,0,15.85,S,Third,man,True,Unknown,Southampton,no,False,0.13544668587896252,12.661632564841499,25.0,347,-0.1423794216910609
0,3,female,20.0,0,0,8.6625,S,Third,woman,False,Unknown,Southampton,no,True,0.5,16.118809722222224,21.5,144,-0.7165619336211217
0,2,male,34.0,1,0,21.0,S,Second,man,True,Unknown,Southampton,no,False,0.1574074074074074,19.74178240740741,30.0,108,0.1329851701219792
0,3,male,51.0,0,0,7.75,S,Third,man,True,Unknown,Southampton,no,True,0.13544668587896252,12.661632564841499,25.0,347,-0.8189865811572414
1,2,male,3.0,1,1,18.75,S,Second,child,False,Unknown,Southampton,yes,False,0.1574074074074074,19.74178240740741,30.0,108,0.021587667954472933
0,3,male,21.0,0,0,7.775,S,Third,man,True,Unknown,Southampton,no,True,0.13544668587896252,12.661632564841499,25.0,347,-0.8160407306065733
0,3,female,21.5,3,1,25.4667,S,Third,woman,False,Unknown,Southampton,no,False,0.5,16.118809722222224,21.5,144,0.32384119624754826
0,3,male,25.0,0,0,7.8958,S,Third,man,True,Unknown,Southampton,no,True,0.13544668587896252,12.661632564841499,25.0,347,-0.8019236166026618
0,3,male,25.0,0,0,6.8583,Q,Third,man,True,Unknown,Queenstown,no,True,0.13544668587896252,12.661632564841499,25.0,347,-0.9299653348541039
1,1,female,33.0,1,0,90.0,Q,First,woman,False,C,Queenstown,yes,False,0.9680851063829787,106.12579787234043,35.0,94,1.5989745568795648
0,2,male,30.0,0,0,0.0,S,Second,man,True,Unknown,Southampton,no,True,0.1574074074074074,19.74178240740741,30.0,108,-3.0585777291682934
1,3,male,44.0,0,0,7.925,S,Third,man,True,Unknown,Southampton,yes,True,0.13544668587896252,12.661632564841499,25.0,347,-0.798539974052802
0,3,female,21.5,0,0,8.05,S,Third,woman,False,Unknown,Southampton,no,True,0.5,16.118809722222224,21.5,144,-0.7841792430073967
1,2,female,34.0,1,1,32.5,S,Second,woman,False,Unknown,Southampton,yes,False,0.9210526315789473,21.97012105263158,28.0,76,0.5671628780396996
1,2,female,18.0,0,2,13.0,S,Second,woman,False,Unknown,Southampton,yes,False,0.9210526315789473,21.97012105263158,28.0,76,-0.3336984726090332
0,2,male,30.0,0,0,13.0,S,Second,man,True,Unknown,Southampton,no,True,0.1574074074074074,19.74178240740741,30.0,108,-0.3336984726090332
0,3,female,10.0,0,2,24.15,S,Third,child,False,Unknown,Southampton,no,False,0.5,16.118809722222224,21.5,144,0.2711522804976662
0,3,male,25.0,0,0,7.8958,C,Third,man,True,Unknown,Cherbourg,no,True,0.13544668587896252,12.661632564841499,25.0,347,-0.8019236166026618
0,3,male,21.0,0,0,7.7333,Q,Third,man,True,Unknown,Queenstown,no,True,0.13544668587896252,12.661632564841499,25.0,347,-0.8209591021193487
0,3,male,29.0,0,0,7.875,S,Third,man,True,Unknown,Southampton,no,True,0.13544668587896252,12.661632564841499,25.0,347,-0.8043406630039285
0,3,female,28.0,1,1,14.4,S,Third,woman,False,Unknown,Southampton,no,False,0.5,16.118809722222224,21.5,144,-0.23528881360946907
0,3,male,18.0,1,1,20.2125,S,Third,man,True,Unknown,Southampton,no,False,0.13544668587896252,12.661632564841499,25.0,347,0.09534793704965058
0,3,male,25.0,0,0,7.25,S,Third,man,True,Unknown,Southampton,no,True,0.13544668587896252,12.661632564841499,25.0,347,-0.8797405693934278
1,2,female,28.0,1,0,26.0,S,Second,woman,False,Unknown,Southampton,yes,False,0.9210526315789473,21.97012105263158,28.0,76,0.3444394801955362
1,2,female,19.0,0,0,26.0,S,Second,woman,False,Unknown,Southampton,yes,True,0.9210526315789473,21.97012105263158,28.0,76,0.3444394801955362
0,3,male,25.0,0,0,7.75,Q,Third,man,True,Unknown,Queenstown,no,True,0.13544668587896252,12.661632564841499,25.0,347,-0.8189865811572414
1,3,male,32.0,0,0,8.05,S,Third,man,True,E,Southampton,yes,True,0.13544668587896252,12.661632564841499,25.0,347,-0.7841792430073967
1,1,male,28.0,0,0,26.55,S,First,man,True,C,Southampton,yes,True,0.36885245901639346,67.22612704918032,40.0,122,0.36526093570402607
1,3,female,21.5,1,0,16.1,S,Third,woman,False,Unknown,Southampton,yes,False,0.5,16.118809722222224,21.5,144,-0.12717266791993012
1,2,female,42.0,1,0,26.0,S,Second,woman,False,Unknown,Southampton,yes,False,0.9210526315789473,21.97012105263158,28.0,76,0.3444394801955362
0,3,male,17.0,0,0,7.125,S,Third,man,True,Unknown,Southampton,no,True,0.13544668587896252,12.661632564841499,25.0,347,-0.8955045384601199
0,1,male,50.0,1,0,55.9,S,First,man,True,E,Southampton,no,False,0.36885245901639346,67.22612704918032,40.0,122,1.1141402035210881
1,1,female,14.0,1,2,120.0,S,First,child,False,B,Southampton,yes,False,0.9680851063829787,106.12579787234043,35.0,94,1.8931715298766851
0,3,female,21.0,2,2,34.375,S,Third,woman,False,Unknown,Southampton,no,False,0.5,16.118809722222224,21.5,144,0.6233938271906204
1,2,female,24.0,2,3,18.75,S,Second,woman,False,Unknown,Southampton,yes,False,0.9210526315789473,21.97012105263158,28.0,76,0.021587667954472933
0,1,male,64.0,1,4,263.0,S,First,man,True,C,Southampton,no,False,0.36885245901639346,67.22612704918032,40.0,122,2.6987007794454887
0,2,male,31.0,0,0,10.5,S,Second,man,True,Unknown,Southampton,no,True,0.1574074074074074,19.74178240740741,30.0,108,-0.5368057694182641
1,2,female,45.0,1,1,26.25,S,Second,woman,False,Unknown,Southampton,yes,False,0.9210526315789473,21.97012105263158,28.0,76,0.35395586016517094
0,3,male,20.0,0,0,9.5,S,Third,man,True,Unknown,Southampton,no,True,0.13544668587896252,12.661632564841499,25.0,347,-0.6307359423566569
0,3,male,25.0,1,0,7.775,S,Third,man,True,Unknown,Southampton,no,False,0.13544668587896252,12.661632564841499,25.0,347,-0.8160407306065733
1,2,female,28.0,0,0,13.0,S,Second,woman,False,Unknown,Southampton,yes,True,0.9210526315789473,21.97012105263158,28.0,76,-0.3336984726090332
1,3,male,25.0,0,0,8.1125,S,Third,man,True,Unknown,Southampton,yes,True,0.13544668587896252,12.661632564841499,25.0,347,-0.7770730902669089
1,1,male,4.0,0,2,81.8583,S,First,child,False,A,Southampton,yes,False,0.36885245901639346,67.22612704918032,40.0,122,1.5021989568725875
1,2,female,13.0,0,1,19.5,S,Second,child,False,Unknown,Southampton,yes,False,0.9210526315789473,21.97012105263158,28.0,76,0.06007112543995847
1,1,male,34.0,0,0,26.55,S,First,man,True,Unknown,Southampton,yes,True,0.36885245901639346,67.22612704918032,40.0,122,0.36526093570402607
1,3,female,5.0,2,1,19.2583,C,Third,child,False,Unknown,Cherbourg,yes,False,0.5,16.118809722222224,21.5,144,0.047825129435189045
1,1,male,52.0,0,0,30.5,S,First,man,True,C,Southampton,yes,True,0.36885245901639346,67.22612704918032,40.0,122,0.5036031274312862
0,2,male,36.0,1,2,27.75,S,Second,man,True,Unknown,Southampton,no,False,0.1574074074074074,19.74178240740741,30.0,108,0.40928266156909443
0,3,male,25.0,1,0,19.9667,S,Third,man,True,Unknown,Southampton,no,False,0.13544668587896252,12.661632564841499,25.0,347,0.0833137463231359
0,1,male,30.0,0,0,27.75,C,First,man,True,C,Cherbourg,no,True,0.36885245901639346,67.22612704918032,40.0,122,0.40928266156909443
1,1,male,49.0,1,0,89.1042,C,First,man,True,C,Cherbourg,yes,False,0.36885245901639346,67.22612704918032,40.0,122,1.588760118059578
0,3,male,25.0,0,0,8.05,S,Third,man,True,Unknown,Southampton,no,True,0.13544668587896252,12.661632564841499,25.0,347,-0.7841792430073967
1,3,male,29.0,0,0,7.8958,C,Third,man,True,Unknown,Cherbourg,yes,True,0.13544668587896252,12.661632564841499,25.0,347,-0.8019236166026618
0,1,male,65.0,0,0,26.55,S,First,man,True,E,Southampton,no,True,0.36885245901639346,67.22612704918032,40.0,122,0.36526093570402607
1,1,female,35.0,1,0,51.8625,S,First,woman,False,D,Southampton,yes,False,0.9680851063829787,106.12579787234043,35.0,94,1.038145562232327
1,2,female,50.0,0,0,10.5,S,Second,woman,False,Unknown,Southampton,yes,True,0.9210526315789473,21.97012105263158,28.0,76,-0.5368057694182641
0,3,male,25.0,0,0,7.75,Q,Third,man,True,Unknown,Queenstown,no,True,0.13544668587896252,12.661632564841499,25.0,347,-0.8189865811572414
1,1,male,48.0,0,0,26.55,S,First,man,True,E,Southampton,yes,True,0.36885245901639346,67.22612704918032,40.0,122,0.36526093570402607
0,3,male,34.0,0,0,8.05,S,Third,man,True,Unknown,Southampton,no,True,0.13544668587896252,12.661632564841499,25.0,347,-0.7841792430073967
0,1,male,47.0,0,0,38.5,S,First,man,True,E,Southampton,no,True,0.36885245901639346,67.22612704918032,40.0,122,0.7372759377222563
0,2,male,48.0,0,0,13.0,S,Second,man,True,Unknown,Southampton,no,True,0.1574074074074074,19.74178240740741,30.0,108,-0.3336984726090332
0,3,male,25.0,0,0,8.05,S,Third,man,True,Unknown,Southampton,no,True,0.13544668587896252,12.661632564841499,25.0,347,-0.7841792430073967
0,3,male,38.0,0,0,7.05,S,Third,man,True,Unknown,Southampton,no,True,0.13544668587896252,12.661632564841499,25.0,347,-0.9050797531497122
0,2,male,30.0,0,0,0.0,S,Second,man,True,Unknown,Southampton,no,True,0.1574074074074074,19.74178240740741,30.0,108,-3.0585777291682934
0,1,male,56.0,0,0,26.55,S,First,man,True,Unknown,Southampton,no,True,0.36885245901639346,67.22612704918032,40.0,122,0.36526093570402607
0,3,male,25.0,0,0,7.725,Q,Third,man,True,Unknown,Queenstown,no,True,0.13544668587896252,12.661632564841499,25.0,347,-0.8219408604763344
1,3,female,0.75,2,1,19.2583,C,Third,child,False,Unknown,Cherbourg,yes,False,0.5,16.118809722222224,21.5,144,0.047825129435189045
0,3,male,25.0,0,0,7.25,S,Third,man,True,Unknown,Southampton,no,True,0.13544668587896252,12.661632564841499,25.0,347,-0.8797405693934278
0,3,male,38.0,0,0,8.6625,S,Third,man,True,Unknown,Southampton,no,True,0.13544668587896252,12.661632564841499,25.0,347,-0.7165619336211217
1,2,female,33.0,1,2,27.75,S,Second,woman,False,Unknown,Southampton,yes,False,0.9210526315789473,21.97012105263158,28.0,76,0.40928266156909443
1,2,female,23.0,0,0,13.7917,C,Second,woman,False,D,Cherbourg,yes,True,0.9210526315789473,21.97012105263158,28.0,76,-0.2769007052339032
0,3,female,22.0,0,0,9.8375,S,Third,woman,False,Unknown,Southampton,no,True,0.5,16.118809722222224,21.5,144,-0.5980700220174994
0,1,male,40.0,0,0,52.0,S,First,man,True,A,Southampton,no,True,0.36885245901639346,67.22612704918032,40.0,122,1.0408277503255374
0,2,male,34.0,1,0,21.0,S,Second,man,True,Unknown,Southampton,no,False,0.1574074074074074,19.74178240740741,30.0,108,0.1329851701219792
0,3,male,29.0,1,0,7.0458,S,Third,man,True,Unknown,Southampton,no,False,0.13544668587896252,12.661632564841499,25.0,347,-0.9056185997745971
0,3,male,22.0,0,0,7.5208,S,Third,man,True,Unknown,Southampton,no,True,0.13544668587896252,12.661632564841499,25.0,347,-0.8463932397472813
1,3,female,2.0,0,1,12.2875,S,Third,child,False,Unknown,Southampton,yes,False,0.5,16.118809722222224,21.5,144,-0.38763069046803694
0,3,male,9.0,5,2,46.9,S,Third,child,False,Unknown,Southampton,no,False,0.13544668587896252,12.661632564841499,25.0,347,0.936361092700485
0,2,male,30.0,0,0,0.0,S,Second,man,True,Unknown,Southampton,no,True,0.1574074074074074,19.74178240740741,30.0,108,-3.0585777291682934
0,3,male,50.0,0,0,8.05,S,Third,man,True,Unknown,Southampton,no,True,0.13544668587896252,12.661632564841499,25.0,347,-0.7841792430073967
1,3,female,63.0,0,0,9.5875,S,Third,woman,False,Unknown,Southampton,yes,True,0.5,16.118809722222224,21.5,144,-0.6221672631581132
1,1,male,25.0,1,0,91.0792,C,First,man,True,B,Cherbourg,yes,False,0.36885245901639346,67.22612704918032,40.0,122,1.6111475224786775
0,3,female,21.5,3,1,25.4667,S,Third,woman,False,Unknown,Southampton,no,False,0.5,16.118809722222224,21.5,144,0.32384119624754826
1,1,female,35.0,1,0,90.0,S,First,woman,False,C,Southampton,yes,False,0.9680851063829787,106.12579787234043,35.0,94,1.5989745568795648
0,1,male,58.0,0,0,29.7,C,First,man,True,B,Cherbourg,no,True,0.36885245901639346,67.22612704918032,40.0,122,0.4770416648490861
0,3,male,30.0,0,0,8.05,S,Third,man,True,Unknown,Southampton,no,True,0.13544668587896252,12.661632564841499,25.0,347,-0.7841792430073967
1,3,male,9.0,1,1,15.9,S,Third,child,False,Unknown,Southampton,yes,False,0.13544668587896252,12.661632564841499,25.0,347,-0.13932010117845442
0,3,male,25.0,1,0,19.9667,S,Third,man,True,Unknown,Southampton,no,False,0.13544668587896252,12.661632564841499,25.0,347,0.0833137463231359
0,3,male,21.0,0,0,7.25,S,Third,man,True,Unknown,Southampton,no,True,0.13544668587896252,12.661632564841499,25.0,347,-0.8797405693934278
0,1,male,55.0,0,0,30.5,S,First,man,True,C,Southampton,no,True,0.36885245901639346,67.22612704918032,40.0,122,0.5036031274312862
0,1,male,71.0,0,0,49.5042,C,First,man,True,Unknown,Cherbourg,no,True,0.36885245901639346,67.22612704918032,40.0,122,0.9910237262754293
0,3,male,21.0,0,0,8.05,S,Third,man,True,Unknown,Southampton,no,True,0.13544668587896252,12.661632564841499,25.0,347,-0.7841792430073967
0,3,male,25.0,0,0,14.4583,C,Third,man,True,Unknown,Cherbourg,no,True,0.13544668587896252,12.661632564841499,25.0,347,-0.23138736843472296
1,1,female,54.0,1,0,78.2667,C,First,woman,False,D,Cherbourg,yes,False,0.9680851063829787,106.12579787234043,35.0,94,1.4564440718289613
0,3,male,25.0,0,0,15.1,S,Third,man,True,Unknown,Southampton,no,True,0.13544668587896252,12.661632564841499,25.0,347,-0.1893914833819289
0,1,female,25.0,1,2,151.55,S,First,woman,False,C,Southampton,no,False,0.9680851063829787,106.12579787234043,35.0,94,2.132408321022389
0,3,male,24.0,0,0,7.7958,S,Third,man,True,Unknown,Southampton,no,True,0.13544668587896252,12.661632564841499,25.0,347,-0.8135961720983267
0,3,male,17.0,0,0,8.6625,S,Third,man,True,Unknown,Southampton,no,True,0.13544668587896252,12.661632564841499,25.0,347,-0.7165619336211217
0,3,female,21.0,0,0,7.75,Q,Third,woman,False,Unknown,Queenstown,no,True,0.5,16.118809722222224,21.5,144,-0.8189865811572414
0,3,female,21.5,0,0,7.6292,Q,Third,woman,False,Unknown,Queenstown,no,True,0.5,16.118809722222224,21.5,144,-0.8333405692374476
0,3,female,37.0,0,0,9.5875,S,Third,woman,False,Unknown,Southampton,no,True,0.5,16.118809722222224,21.5,144,-0.6221672631581132
1,1,female,16.0,0,0,86.5,S,First,woman,False,B,Southampton,yes,True,0.9680851063829787,106.12579787234043,35.0,94,1.5584783893656837
0,1,male,18.0,1,0,108.9,C,First,man,True,C,Cherbourg,no,False,0.36885245901639346,67.22612704918032,40.0,122,1.7938227894866787
1,2,female,33.0,0,2,26.0,S,Second,woman,False,Unknown,Southampton,yes,False,0.9210526315789473,21.97012105263158,28.0,76,0.3444394801955362
1,1,male,40.0,0,0,26.55,S,First,man,True,Unknown,Southampton,yes,True,0.36885245901639346,67.22612704918032,40.0,122,0.36526093570402607
0,3,male,28.0,0,0,22.525,S,Third,man,True,Unknown,Southampton,no,True,0.13544668587896252,12.661632564841499,25.0,347,0.20218592718197398
1,3,male,26.0,0,0,56.4958,S,Third,man,True,Unknown,Southampton,yes,True,0.13544668587896252,12.661632564841499,25.0,347,1.1248955097361595
1,3,male,29.0,0,0,7.75,Q,Third,man,True,Unknown,Queenstown,yes,True,0.13544668587896252,12.661632564841499,25.0,347,-0.8189865811572414
0,3,male,25.0,0,0,8.05,S,Third,man,True,Unknown,Southampton,no,True,0.13544668587896252,12.661632564841499,25.0,347,-0.7841792430073967
1,1,male,36.0,0,0,26.2875,S,First,man,True,E,Southampton,yes,True,0.36885245901639346,67.22612704918032,40.0,122,0.3553757823476229
1,1,female,54.0,1,0,59.4,C,First,woman,False,Unknown,Cherbourg,yes,False,0.9680851063829787,106.12579787234043,35.0,94,1.1757752036108362
0,3,male,24.0,0,0,7.4958,S,Third,man,True,Unknown,Southampton,no,True,0.13544668587896252,12.661632564841499,25.0,347,-0.8494271027413144
0,1,male,47.0,0,0,34.0208,S,First,man,True,D,Southampton,no,True,0.36885245901639346,67.22612704918032,40.0,122,0.6130033879569109
1,2,female,34.0,0,0,10.5,S,Second,woman,False,F,Southampton,yes,True,0.9210526315789473,21.97012105263158,28.0,76,-0.5368057694182641
0,3,male,25.0,0,0,24.15,Q,Third,man,True,Unknown,Queenstown,no,True,0.13544668587896252,12.661632564841499,25.0,347,0.2711522804976662
1,2,female,36.0,1,0,26.0,S,Second,woman,False,Unknown,Southampton,yes,False,0.9210526315789473,21.97012105263158,28.0,76,0.3444394801955362
0,3,male,32.0,0,0,7.8958,S,Third,man,True,Unknown,Southampton,no,True,0.13544668587896252,12.661632564841499,25.0,347,-0.8019236166026618
1,1,female,30.0,0,0,93.5,S,First,woman,False,B,Southampton,yes,True,0.9680851063829787,106.12579787234043,35.0,94,1.6379421972192298
0,3,male,22.0,0,0,7.8958,S,Third,man,True,Unknown,Southampton,no,True,0.13544668587896252,12.661632564841499,25.0,347,-0.8019236166026618
0,3,male,25.0,0,0,7.225,C,Third,man,True,Unknown,Cherbourg,no,True,0.13544668587896252,12.661632564841499,25.0,347,-0.8828741679067217
1,1,female,44.0,0,1,57.9792,C,First,woman,False,B,Cherbourg,yes,False,0.9680851063829787,106.12579787234043,35.0,94,1.1511968252901217
0,3,male,25.0,0,0,7.2292,C,Third,man,True,Unknown,Cherbourg,no,True,0.13544668587896252,12.661632564841499,25.0,347,-0.8823470582632056
0,3,male,40.5,0,0,7.75,Q,Third,man,True,Unknown,Queenstown,no,True,0.13544668587896252,12.661632564841499,25.0,347,-0.8189865811572414
1,2,female,50.0,0,0,10.5,S,Second,woman,False,Unknown,Southampton,yes,True,0.9210526315789473,21.97012105263158,28.0,76,-0.5368057694182641
0,1,male,40.0,0,0,221.7792,S,First,man,True,C,Southampton,no,True,0.36885245901639346,67.22612704918032,40.0,122,2.523411982756633
0,3,male,39.0,0,0,7.925,S,Third,man,True,Unknown,Southampton,no,True,0.13544668587896252,12.661632564841499,25.0,347,-0.798539974052802
0,2,male,23.0,2,1,11.5,S,Second,man,True,Unknown,Southampton,no,False,0.1574074074074074,19.74178240740741,30.0,108,-0.4507125974257932
1,2,female,2.0,1,1,26.0,S,Second,child,False,Unknown,Southampton,yes,False,0.9210526315789473,21.97012105263158,28.0,76,0.3444394801955362
0,3,male,25.0,0,0,7.2292,C,Third,man,True,Unknown,Cherbourg,no,True,0.13544668587896252,12.661632564841499,25.0,347,-0.8823470582632056
0,3,male,17.0,1,1,7.2292,C,Third,man,True,Unknown,Cherbourg,no,False,0.13544668587896252,12.661632564841499,25.0,347,-0.8823470582632056
1,3,female,21.5,0,2,22.3583,C,Third,woman,False,Unknown,Cherbourg,yes,False,0.5,16.118809722222224,21.5,144,0.19484336402527688
0,3,female,30.0,0,0,8.6625,S,Third,woman,False,Unknown,Southampton,no,True,0.5,16.118809722222224,21.5,144,-0.7165619336211217
1,2,female,7.0,0,2,26.25,S,Second,child,False,Unknown,Southampton,yes,False,0.9210526315789473,21.97012105263158,28.0,76,0.35395586016517094
0,1,male,45.0,0,0,26.55,S,First,man,True,B,Southampton,no,True,0.36885245901639346,67.22612704918032,40.0,122,0.36526093570402607
1,1,female,30.0,0,0,106.425,C,First,woman,False,Unknown,Cherbourg,yes,True,0.9680851063829787,106.12579787234043,35.0,94,1.7703041212742283
0,3,male,25.0,0,0,14.5,S,Third,man,True,Unknown,Southampton,no,True,0.13544668587896252,12.661632564841499,25.0,347,-0.2286058134653583
1,1,female,22.0,0,2,49.5,C,First,woman,False,B,Cherbourg,yes,False,0.9680851063829787,106.12579787234043,35.0,94,0.9909378569025421
1,1,female,36.0,0,2,71.0,S,First,woman,False,B,Southampton,yes,False,0.9680851063829787,106.12579787234043,35.0,94,1.3571652197109427
0,3,female,9.0,4,2,31.275,S,Third,child,False,Unknown,Southampton,no,False,0.5,16.118809722222224,21.5,144,0.5286989276421437
0,3,female,11.0,4,2,31.275,S,Third,child,False,Unknown,Southampton,no,False,0.5,16.118809722222224,21.5,144,0.5286989276421437
1,2,male,32.0,1,0,26.0,S,Second,man,True,Unknown,Southampton,yes,False,0.1574074074074074,19.74178240740741,30.0,108,0.3444394801955362
0,1,male,50.0,1,0,106.425,C,First,man,True,C,Cherbourg,no,False,0.36885245901639346,67.22612704918032,40.0,122,1.7703041212742283
0,1,male,64.0,0,0,26.0,S,First,man,True,Unknown,Southampton,no,True,0.36885245901639346,67.22612704918032,40.0,122,0.3444394801955362
1,2,female,19.0,1,0,26.0,S,Second,woman,False,Unknown,Southampton,yes,False,0.9210526315789473,21.97012105263158,28.0,76,0.3444394801955362
1,2,male,30.0,0,0,13.8625,C,Second,man,True,Unknown,Cherbourg,yes,True,0.1574074074074074,19.74178240740741,30.0,108,-0.27197037165090676
0,3,male,33.0,1,1,20.525,S,Third,man,True,Unknown,Southampton,no,False,0.13544668587896252,12.661632564841499,25.0,347,0.11044794172866994
1,2,male,8.0,1,1,36.75,S,Second,child,False,Unknown,Southampton,yes,False,0.1574074074074074,19.74178240740741,30.0,108,0.6904870950626278
1,1,male,17.0,0,2,110.8833,C,First,man,True,C,Cherbourg,yes,False,0.36885245901639346,67.22612704918032,40.0,122,1.812289926928167
0,2,male,27.0,0,0,26.0,S,Second,man,True,Unknown,Southampton,no,True,0.1574074074074074,19.74178240740741,30.0,108,0.3444394801955362
0,3,male,25.0,0,0,7.8292,Q,Third,man,True,Unknown,Queenstown,no,True,0.13544668587896252,12.661632564841499,25.0,347,-0.809682843697731
1,3,male,22.0,0,0,7.225,C,Third,man,True,Unknown,Cherbourg,yes,True,0.13544668587896252,12.661632564841499,25.0,347,-0.8828741679067217
1,3,female,22.0,0,0,7.775,S,Third,woman,False,Unknown,Southampton,yes,True,0.5,16.118809722222224,21.5,144,-0.8160407306065733
0,1,male,62.0,0,0,26.55,S,First,man,True,Unknown,Southampton,no,True,0.36885245901639346,67.22612704918032,40.0,122,0.36526093570402607
1,1,female,48.0,1,0,39.6,C,First,woman,False,A,Cherbourg,yes,False,0.9680851063829787,106.12579787234043,35.0,94,0.7656365698356679
0,1,male,40.0,0,0,227.525,C,First,man,True,Unknown,Cherbourg,no,True,0.36885245901639346,67.22612704918032,40.0,122,2.5497045522452972
1,1,female,39.0,1,1,79.65,S,First,woman,False,E,Southampton,yes,False,0.9680851063829787,106.12579787234043,35.0,94,1.4743073772537167
1,3,female,36.0,1,0,17.4,S,Third,woman,False,Unknown,Southampton,yes,False,0.5,16.118809722222224,21.5,144,-0.05151766087005573
0,3,male,25.0,0,0,7.75,Q,Third,man,True,Unknown,Queenstown,no,True,0.13544668587896252,12.661632564841499,25.0,347,-0.8189865811572414
0,3,male,40.0,0,0,7.8958,S,Third,man,True,Unknown,Southampton,no,True,0.13544668587896252,12.661632564841499,25.0,347,-0.8019236166026618
0,2,male,28.0,0,0,13.5,S,Second,man,True,Unknown,Southampton,no,True,0.1574074074074074,19.74178240740741,30.0,108,-0.29746598596845064
0,3,male,25.0,0,0,8.05,S,Third,man,True,Unknown,Southampton,no,True,0.13544668587896252,12.661632564841499,25.0,347,-0.7841792430073967
0,3,female,21.5,0,0,8.05,S,Third,woman,False,Unknown,Southampton,no,True,0.5,16.118809722222224,21.5,144,-0.7841792430073967
0,3,male,24.0,2,0,24.15,S,Third,man,True,Unknown,Southampton,no,False,0.13544668587896252,12.661632564841499,25.0,347,0.2711522804976662
0,3,male,19.0,0,0,7.8958,S,Third,man,True,Unknown,Southampton,no,True,0.13544668587896252,12.661632564841499,25.0,347,-0.8019236166026618
0,3,female,29.0,0,4,21.075,S,Third,woman,False,Unknown,Southampton,no,False,0.5,16.118809722222224,21.5,144,0.13649913806595457
0,3,male,25.0,0,0,7.2292,C,Third,man,True,Unknown,Cherbourg,no,True,0.13544668587896252,12.661632564841499,25.0,347,-0.8823470582632056
1,3,male,32.0,0,0,7.8542,S,Third,man,True,Unknown,Southampton,yes,True,0.13544668587896252,12.661632564841499,25.0,347,-0.806763380796033
1,2,male,62.0,0,0,10.5,S,Second,man,True,Unknown,Southampton,yes,True,0.1574074074074074,19.74178240740741,30.0,108,-0.5368057694182641
1,1,female,53.0,2,0,51.4792,S,First,woman,False,C,Southampton,yes,False,0.9680851063829787,106.12579787234043,35.0,94,1.0306316027835163
1,1,male,36.0,0,0,26.3875,S,First,man,True,E,Southampton,yes,True,0.36885245901639346,67.22612704918032,40.0,122,0.35915272270042775
1,3,female,21.5,0,0,7.75,Q,Third,woman,False,Unknown,Queenstown,yes,True,0.5,16.118809722222224,21.5,144,-0.8189865811572414
0,3,male,16.0,0,0,8.05,S,Third,man,True,Unknown,Southampton,no,True,0.13544668587896252,12.661632564841499,25.0,347,-0.7841792430073967
0,3,male,19.0,0,0,14.5,S,Third,man,True,Unknown,Southampton,no,True,0.13544668587896252,12.661632564841499,25.0,347,-0.2286058134653583
1,2,female,34.0,0,0,13.0,S,Second,woman,False,Unknown,Southampton,yes,True,0.9210526315789473,21.97012105263158,28.0,76,-0.3336984726090332
1,1,female,39.0,1,0,55.9,S,First,woman,False,E,Southampton,yes,False,0.9680851063829787,106.12579787234043,35.0,94,1.1141402035210881
0,3,female,21.5,1,0,14.4583,C,Third,woman,False,Unknown,Cherbourg,no,False,0.5,16.118809722222224,21.5,144,-0.23138736843472296
1,3,male,32.0,0,0,7.925,S,Third,man,True,Unknown,Southampton,yes,True,0.13544668587896252,12.661632564841499,25.0,347,-0.798539974052802
1,2,female,25.0,1,1,30.0,S,Second,woman,False,Unknown,Southampton,yes,False,0.9210526315789473,21.97012105263158,28.0,76,0.4870824563024251
1,1,female,39.0,1,1,110.8833,C,First,woman,False,C,Cherbourg,yes,False,0.9680851063829787,106.12579787234043,35.0,94,1.812289926928167
0,2,male,54.0,0,0,26.0,S,Second,man,True,Unknown,Southampton,no,True,0.1574074074074074,19.74178240740741,30.0,108,0.3444394801955362
0,1,male,36.0,0,0,40.125,C,First,man,True,A,Cherbourg,no,True,0.36885245901639346,67.22612704918032,40.0,122,0.7789025328484201
0,3,male,25.0,0,0,8.7125,C,Third,man,True,Unknown,Cherbourg,no,True,0.13544668587896252,12.661632564841499,25.0,347,-0.71123278673221
1,1,female,18.0,0,2,79.65,S,First,woman,False,E,Southampton,yes,False,0.9680851063829787,106.12579787234043,35.0,94,1.4743073772537167
0,2,male,47.0,0,0,15.0,S,Second,man,True,Unknown,Southampton,no,True,0.1574074074074074,19.74178240740741,30.0,108,-0.19582465009716046
1,1,male,60.0,1,1,79.2,C,First,man,True,B,Cherbourg,yes,False,0.36885245901639346,67.22612704918032,40.0,122,1.4685301291949246
0,3,male,22.0,0,0,8.05,S,Third,man,True,Unknown,Southampton,no,True,0.13544668587896252,12.661632564841499,25.0,347,-0.7841792430073967
0,3,male,25.0,0,0,8.05,S,Third,man,True,Unknown,Southampton,no,True,0.13544668587896252,12.661632564841499,25.0,347,-0.7841792430073967
0,3,male,35.0,0,0,7.125,S,Third,man,True,Unknown,Southampton,no,True,0.13544668587896252,12.661632564841499,25.0,347,-0.8955045384601199
1,1,female,52.0,1,0,78.2667,C,First,woman,False,D,Cherbourg,yes,False,0.9680851063829787,106.12579787234043,35.0,94,1.4564440718289613
0,3,male,47.0,0,0,7.25,S,Third,man,True,Unknown,Southampton,no,True,0.13544668587896252,12.661632564841499,25.0,347,-0.8797405693934278
0,3,female,21.5,0,2,7.75,Q,Third,woman,False,Unknown,Queenstown,no,False,0.5,16.118809722222224,21.5,144,-0.8189865811572414
0,2,male,37.0,1,0,26.0,S,Second,man,True,Unknown,Southampton,no,False,0.1574074074074074,19.74178240740741,30.0,108,0.3444394801955362
0,3,male,36.0,1,1,24.15,S,Third,man,True,Unknown,Southampton,no,False,0.13544668587896252,12.661632564841499,25.0,347,0.2711522804976662
1,2,female,28.0,0,0,33.0,S,Second,woman,False,Unknown,Southampton,yes,True,0.9210526315789473,21.97012105263158,28.0,76,0.5824597491940529
0,3,male,49.0,0,0,0.0,S,Third,man,True,Unknown,Southampton,no,True,0.13544668587896252,12.661632564841499,25.0,347,-3.0585777291682934
0,3,male,25.0,0,0,7.225,C,Third,man,True,Unknown,Cherbourg,no,True,0.13544668587896252,12.661632564841499,25.0,347,-0.8828741679067217
1,1,male,49.0,1,0,56.9292,C,First,man,True,A,Cherbourg,yes,False,0.36885245901639346,67.22612704918032,40.0,122,1.1326493972880125
1,2,female,24.0,2,1,27.0,S,Second,woman,False,Unknown,Southampton,yes,False,0.9210526315789473,21.97012105263158,28.0,76,0.3819897971587497
0,3,male,25.0,0,0,7.8958,S,Third,man,True,Unknown,Southampton,no,True,0.13544668587896252,12.661632564841499,25.0,347,-0.8019236166026618
0,1,male,40.0,0,0,42.4,S,First,man,True,Unknown,Southampton,no,True,0.36885245901639346,67.22612704918032,40.0,122,0.8344967423387601
0,3,male,44.0,0,0,8.05,S,Third,man,True,Unknown,Southampton,no,True,0.13544668587896252,12.661632564841499,25.0,347,-0.7841792430073967
1,1,male,35.0,0,0,26.55,C,First,man,True,Unknown,Cherbourg,yes,True,0.36885245901639346,67.22612704918032,40.0,122,0.36526093570402607
0,3,male,36.0,1,0,15.55,S,Third,man,True,Unknown,Southampton,no,False,0.13544668587896252,12.661632564841499,25.0,347,-0.16092818251417132
0,3,male,30.0,0,0,7.8958,S,Third,man,True,Unknown,Southampton,no,True,0.13544668587896252,12.661632564841499,25.0,347,-0.8019236166026618
1,1,male,27.0,0,0,30.5,S,First,man,True,Unknown,Southampton,yes,True,0.36885245901639346,67.22612704918032,40.0,122,0.5036031274312862
1,2,female,22.0,1,2,41.5792,C,Second,woman,False,Unknown,Cherbourg,yes,False,0.9210526315789473,21.97012105263158,28.0,76,0.8147822510349934
1,1,female,40.0,0,0,153.4625,S,First,woman,False,C,Southampton,yes,True,0.9680851063829787,106.12579787234043,35.0,94,2.14527242190355
0,3,female,39.0,1,5,31.275,S,Third,woman,False,Unknown,Southampton,no,False,0.5,16.118809722222224,21.5,144,0.5286989276421437
0,3,male,25.0,0,0,7.05,S,Third,man,True,Unknown,Southampton,no,True,0.13544668587896252,12.661632564841499,25.0,347,-0.9050797531497122
1,3,female,21.5,1,0,15.5,Q,Third,woman,False,Unknown,Queenstown,yes,False,0.5,16.118809722222224,21.5,144,-0.16405229962564447
0,3,male,25.0,0,0,7.75,Q,Third,man,True,Unknown,Queenstown,no,True,0.13544668587896252,12.661632564841499,25.0,347,-0.8189865811572414
0,3,male,35.0,0,0,8.05,S,Third,man,True,Unknown,Southampton,no,True,0.13544668587896252,12.661632564841499,25.0,347,-0.7841792430073967
1,2,female,24.0,1,2,65.0,S,Second,woman,False,Unknown,Southampton,yes,False,0.9210526315789473,21.97012105263158,28.0,76,1.2673242399099218
0,3,male,34.0,1,1,14.4,S,Third,man,True,Unknown,Southampton,no,False,0.13544668587896252,12.661632564841499,25.0,347,-0.23528881360946907
0,3,female,26.0,1,0,16.1,S,Third,woman,False,Unknown,Southampton,no,False,0.5,16.118809722222224,21.5,144,-0.12717266791993012
1,2,female,4.0,2,1,39.0,S,Second,child,False,F,Southampton,yes,False,0.9210526315789473,21.97012105263158,28.0,76,0.750263780890198
0,2,male,26.0,0,0,10.5,S,Second,man,True,Unknown,Southampton,no,True,0.1574074074074074,19.74178240740741,30.0,108,-0.5368057694182641
0,3,male,27.0,1,0,14.4542,C,Third,man,True,Unknown,Cherbourg,no,False,0.13544668587896252,12.661632564841499,25.0,347,-0.23166125968823223
1,1,male,42.0,1,0,52.5542,S,First,man,True,D,Southampton,yes,False,0.36885245901639346,67.22612704918032,40.0,122,1.0515683442816504
1,3,male,20.0,1,1,15.7417,C,Third,man,True,Unknown,Cherbourg,yes,False,0.13544668587896252,12.661632564841499,25.0,347,-0.14903715526900022
0,3,male,21.0,0,0,7.8542,S,Third,man,True,Unknown,Southampton,no,True,0.13544668587896252,12.661632564841499,25.0,347,-0.806763380796033
0,3,male,21.0,0,0,16.1,S,Third,man,True,Unknown,Southampton,no,True,0.13544668587896252,12.661632564841499,25.0,347,-0.12717266791993012
0,1,male,61.0,0,0,32.3208,S,First,man,True,D,Southampton,no,True,0.36885245901639346,67.22612704918032,40.0,122,0.5616248415955212
0,2,male,57.0,0,0,12.35,Q,Second,man,True,Unknown,Queenstown,no,True,0.1574074074074074,19.74178240740741,30.0,108,-0.38278544498532663
1,1,female,21.0,0,0,77.9583,S,First,woman,False,D,Southampton,yes,True,0.9680851063829787,106.12579787234043,35.0,94,1.452419049919151
0,3,male,26.0,0,0,7.8958,S,Third,man,True,Unknown,Southampton,no,True,0.13544668587896252,12.661632564841499,25.0,347,-0.8019236166026618
0,3,male,25.0,0,0,7.7333,Q,Third,man,True,Unknown,Queenstown,no,True,0.13544668587896252,12.661632564841499,25.0,347,-0.8209591021193487
1,1,male,80.0,0,0,30.0,S,First,man,True,A,Southampton,yes,True,0.36885245901639346,67.22612704918032,40.0,122,0.4870824563024251
0,3,male,51.0,0,0,7.0542,S,Third,man,True,Unknown,Southampton,no,True,0.13544668587896252,12.661632564841499,25.0,347,-0.9045411875888885
1,1,male,32.0,0,0,30.5,C,First,man,True,B,Cherbourg,yes,True,0.36885245901639346,67.22612704918032,40.0,122,0.5036031274312862
0,1,male,40.0,0,0,0.0,S,First,man,True,Unknown,Southampton,no,True,0.36885245901639346,67.22612704918032,40.0,122,-3.0585777291682934
0,3,female,9.0,3,2,27.9,S,Third,child,False,Unknown,Southampton,no,False,0.5,16.118809722222224,21.5,144,0.4146557174979072
1,2,female,28.0,0,0,13.0,S,Second,woman,False,Unknown,Southampton,yes,True,0.9210526315789473,21.97012105263158,28.0,76,-0.3336984726090332
0,3,male,32.0,0,0,7.925,S,Third,man,True,Unknown,Southampton,no,True,0.13544668587896252,12.661632564841499,25.0,347,-0.798539974052802
0,2,male,31.0,1,1,26.25,S,Second,man,True,Unknown,Southampton,no,False,0.1574074074074074,19.74178240740741,30.0,108,0.35395586016517094
0,3,female,41.0,0,5,39.6875,S,Third,woman,False,Unknown,Southampton,no,False,0.5,16.118809722222224,21.5,144,0.7678594338107121
0,3,male,25.0,1,0,16.1,S,Third,man,True,Unknown,Southampton,no,False,0.13544668587896252,12.661632564841499,25.0,347,-0.12717266791993012
0,3,male,20.0,0,0,7.8542,S,Third,man,True,Unknown,Southampton,no,True,0.13544668587896252,12.661632564841499,25.0,347,-0.806763380796033
1,1,female,24.0,0,0,69.3,C,First,woman,False,B,Cherbourg,yes,True,0.9680851063829787,106.12579787234043,35.0,94,1.3324938581871215
0,3,female,2.0,3,2,27.9,S,Third,child,False,Unknown,Southampton,no,False,0.5,16.118809722222224,21.5,144,0.4146557174979072
1,3,male,25.0,0,0,56.4958,S,Third,man,True,Unknown,Southampton,yes,True,0.13544668587896252,12.661632564841499,25.0,347,1.1248955097361595
1,3,female,0.75,2,1,19.2583,C,Third,child,False,Unknown,Cherbourg,yes,False,0.5,16.118809722222224,21.5,144,0.047825129435189045
1,1,male,48.0,1,0,76.7292,C,First,man,True,D,Cherbourg,yes,False,0.36885245901639346,67.22612704918032,40.0,122,1.4362199751817062
0,3,male,19.0,0,0,7.8958,S,Third,man,True,Unknown,Southampton,no,True,0.13544668587896252,12.661632564841499,25.0,347,-0.8019236166026618
1,1,male,56.0,0,0,35.5,C,First,man,True,A,Cherbourg,yes,True,0.36885245901639346,67.22612704918032,40.0,122,0.6557188297748954
0,3,male,25.0,0,0,7.55,S,Third,man,True,Unknown,Southampton,no,True,0.13544668587896252,12.661632564841499,25.0,347,-0.8428609376877135
1,3,female,23.0,0,0,7.55,S,Third,woman,False,Unknown,Southampton,yes,True,0.5,16.118809722222224,21.5,144,-0.8428609376877135
0,3,male,25.0,0,0,7.8958,S,Third,man,True,Unknown,Southampton,no,True,0.13544668587896252,12.661632564841499,25.0,347,-0.8019236166026618
1,2,female,18.0,0,1,23.0,S,Second,woman,False,Unknown,Southampton,yes,False,0.9210526315789473,21.97012105263158,28.0,76,0.2228261499229997
0,3,male,21.0,0,0,8.4333,S,Third,man,True,Unknown,Southampton,no,True,0.13544668587896252,12.661632564841499,25.0,347,-0.741349052303618
1,3,female,21.5,0,0,7.8292,Q,Third,woman,False,Unknown,Queenstown,yes,True,0.5,16.118809722222224,21.5,144,-0.809682843697731
0,3,female,18.0,0,0,6.75,Q,Third,woman,False,Unknown,Queenstown,no,True,0.5,16.118809722222224,21.5,144,-0.9442940832331417
0,2,male,24.0,2,0,73.5,S,Second,man,True,Unknown,Southampton,no,False,0.1574074074074074,19.74178240740741,30.0,108,1.3924082286355355
0,3,male,25.0,0,0,7.8958,S,Third,man,True,Unknown,Southampton,no,True,0.13544668587896252,12.661632564841499,25.0,347,-0.8019236166026618
0,3,female,32.0,1,1,15.5,Q,Third,woman,False,Unknown,Queenstown,no,False,0.5,16.118809722222224,21.5,144,-0.16405229962564447
0,2,male,23.0,0,0,13.0,S,Second,man,True,Unknown,Southampton,no,True,0.1574074074074074,19.74178240740741,30.0,108,-0.3336984726090332
0,1,male,58.0,0,2,113.275,C,First,man,True,D,Cherbourg,no,False,0.36885245901639346,67.22612704918032,40.0,122,1.834129231109428
1,1,male,50.0,2,0,133.65,S,First,man,True,Unknown,Southampton,yes,False,0.36885245901639346,67.22612704918032,40.0,122,2.003535801391161
0,3,male,40.0,0,0,7.225,C,Third,man,True,Unknown,Cherbourg,no,True,0.13544668587896252,12.661632564841499,25.0,347,-0.8828741679067217
0,1,male,47.0,0,0,25.5875,S,First,man,True,E,Southampton,no,True,0.36885245901639346,67.22612704918032,40.0,122,0.32854312829417104
0,3,male,36.0,0,0,7.4958,S,Third,man,True,Unknown,Southampton,no,True,0.13544668587896252,12.661632564841499,25.0,347,-0.8494271027413144
1,3,male,20.0,1,0,7.925,S,Third,man,True,Unknown,Southampton,yes,False,0.13544668587896252,12.661632564841499,25.0,347,-0.798539974052802
0,2,male,32.0,2,0,73.5,S,Second,man,True,Unknown,Southampton,no,False,0.1574074074074074,19.74178240740741,30.0,108,1.3924082286355355
0,2,male,25.0,0,0,13.0,S,Second,man,True,Unknown,Southampton,no,True,0.1574074074074074,19.74178240740741,30.0,108,-0.3336984726090332
0,3,male,25.0,0,0,7.775,S,Third,man,True,Unknown,Southampton,no,True,0.13544668587896252,12.661632564841499,25.0,347,-0.8160407306065733
0,3,male,43.0,0,0,8.05,S,Third,man,True,Unknown,Southampton,no,True,0.13544668587896252,12.661632564841499,25.0,347,-0.7841792430073967
1,1,female,35.0,1,0,52.0,S,First,woman,False,C,Southampton,yes,False,0.9680851063829787,106.12579787234043,35.0,94,1.0408277503255374
1,2,female,40.0,1,1,39.0,S,Second,woman,False,Unknown,Southampton,yes,False,0.9210526315789473,21.97012105263158,28.0,76,0.750263780890198
0,1,male,31.0,1,0,52.0,S,First,man,True,B,Southampton,no,False,0.36885245901639346,67.22612704918032,40.0,122,1.0408277503255374
0,2,male,70.0,0,0,10.5,S,Second,man,True,Unknown,Southampton,no,True,0.1574074074074074,19.74178240740741,30.0,108,-0.5368057694182641
1,2,male,31.0,0,0,13.0,S,Second,man,True,Unknown,Southampton,yes,True,0.1574074074074074,19.74178240740741,30.0,108,-0.3336984726090332
0,2,male,30.0,0,0,0.0,S,Second,man,True,Unknown,Southampton,no,True,0.1574074074074074,19.74178240740741,30.0,108,-3.0585777291682934
0,3,male,18.0,0,0,7.775,S,Third,man,True,Unknown,Southampton,no,True,0.13544668587896252,12.661632564841499,25.0,347,-0.8160407306065733
0,3,male,24.5,0,0,8.05,S,Third,man,True,Unknown,Southampton,no,True,0.13544668587896252,12.661632564841499,25.0,347,-0.7841792430073967
1,3,female,18.0,0,0,9.8417,S,Third,woman,False,Unknown,Southampton,yes,True,0.5,16.118809722222224,21.5,144,-0.597669953407196
0,3,female,43.0,1,6,46.9,S,Third,woman,False,Unknown,Southampton,no,False,0.5,16.118809722222224,21.5,144,0.936361092700485
1,1,male,36.0,0,1,512.3292,C,First,man,True,B,Cherbourg,yes,False,0.36885245901639346,67.22612704918032,40.0,122,3.3852937438182273
0,3,female,21.5,0,0,8.1375,Q,Third,woman,False,Unknown,Queenstown,no,True,0.5,16.118809722222224,21.5,144,-0.774244266805356
1,1,male,27.0,0,0,76.7292,C,First,man,True,D,Cherbourg,yes,True,0.36885245901639346,67.22612704918032,40.0,122,1.4362199751817062
0,3,male,20.0,0,0,9.225,S,Third,man,True,Unknown,Southampton,no,True,0.13544668587896252,12.661632564841499,25.0,347,-0.658138561741074
0,3,male,14.0,5,2,46.9,S,Third,child,False,Unknown,Southampton,no,False,0.13544668587896252,12.661632564841499,25.0,347,0.936361092700485
0,2,male,60.0,1,1,39.0,S,Second,man,True,Unknown,Southampton,no,False,0.1574074074074074,19.74178240740741,30.0,108,0.750263780890198
0,2,male,25.0,1,2,41.5792,C,Second,man,True,Unknown,Cherbourg,no,False,0.1574074074074074,19.74178240740741,30.0,108,0.8147822510349934
0,3,male,14.0,4,1,39.6875,S,Third,child,False,Unknown,Southampton,no,False,0.13544668587896252,12.661632564841499,25.0,347,0.7678594338107121
0,3,male,19.0,0,0,10.1708,S,Third,man,True,Unknown,Southampton,no,True,0.13544668587896252,12.661632564841499,25.0,347,-0.5667940759868451
0,3,male,18.0,0,0,7.7958,S,Third,man,True,Unknown,Southampton,no,True,0.13544668587896252,12.661632564841499,25.0,347,-0.8135961720983267
1,1,female,15.0,0,1,211.3375,S,First,child,False,B,Southampton,yes,False,0.9680851063829787,106.12579787234043,35.0,94,2.4738467350641637
1,1,male,31.0,1,0,57.0,S,First,man,True,B,Southampton,yes,False,0.36885245901639346,67.22612704918032,40.0,122,1.1339105535671157
1,3,female,4.0,0,1,13.4167,C,Third,child,False,Unknown,Cherbourg,yes,False,0.5,16.118809722222224,21.5,144,-0.3034147385612252
1,3,male,25.0,0,0,56.4958,S,Third,man,True,Unknown,Southampton,yes,True,0.13544668587896252,12.661632564841499,25.0,347,1.1248955097361595
0,3,male,25.0,0,0,7.225,C,Third,man,True,Unknown,Cherbourg,no,True,0.13544668587896252,12.661632564841499,25.0,347,-0.8828741679067217
0,1,male,60.0,0,0,26.55,S,First,man,True,Unknown,Southampton,no,True,0.36885245901639346,67.22612704918032,40.0,122,0.36526093570402607
0,2,male,52.0,0,0,13.5,S,Second,man,True,Unknown,Southampton,no,True,0.1574074074074074,19.74178240740741,30.0,108,-0.29746598596845064
0,3,male,44.0,0,0,8.05,S,Third,man,True,Unknown,Southampton,no,True,0.13544668587896252,12.661632564841499,25.0,347,-0.7841792430073967
1,3,female,21.5,0,0,7.7333,Q,Third,woman,False,Unknown,Queenstown,yes,True,0.5,16.118809722222224,21.5,144,-0.8209591021193487
0,1,male,49.0,1,1,110.8833,C,First,man,True,C,Cherbourg,no,False,0.36885245901639346,67.22612704918032,40.0,122,1.812289926928167
0,3,male,42.0,0,0,7.65,S,Third,man,True,F,Southampton,no,True,0.13544668587896252,12.661632564841499,25.0,347,-0.830854756854953
1,1,female,18.0,1,0,227.525,C,First,woman,False,C,Cherbourg,yes,False,0.9680851063829787,106.12579787234043,35.0,94,2.5497045522452972
1,1,male,35.0,0,0,26.2875,S,First,man,True,E,Southampton,yes,True,0.36885245901639346,67.22612704918032,40.0,122,0.3553757823476229
0,3,female,18.0,0,1,14.4542,C,Third,woman,False,Unknown,Cherbourg,no,False,0.5,16.118809722222224,21.5,144,-0.23166125968823223
0,3,male,25.0,0,0,7.7417,Q,Third,man,True,Unknown,Queenstown,no,True,0.13544668587896252,12.661632564841499,25.0,347,-0.8199664648688783
0,3,male,26.0,1,0,7.8542,S,Third,man,True,Unknown,Southampton,no,False,0.13544668587896252,12.661632564841499,25.0,347,-0.806763380796033
0,2,male,39.0,0,0,26.0,S,Second,man,True,Unknown,Southampton,no,True,0.1574074074074074,19.74178240740741,30.0,108,0.3444394801955362
1,2,female,45.0,0,0,13.5,S,Second,woman,False,Unknown,Southampton,yes,True,0.9210526315789473,21.97012105263158,28.0,76,-0.29746598596845064
1,1,male,42.0,0,0,26.2875,S,First,man,True,E,Southampton,yes,True,0.36885245901639346,67.22612704918032,40.0,122,0.3553757823476229
1,1,female,22.0,0,0,151.55,S,First,woman,False,Unknown,Southampton,yes,True,0.9680851063829787,106.12579787234043,35.0,94,2.132408321022389
1,3,male,25.0,1,1,15.2458,C,Third,man,True,Unknown,Cherbourg,yes,False,0.13544668587896252,12.661632564841499,25.0,347,-0.1800831698720664
1,1,female,24.0,0,0,49.5042,C,First,woman,False,C,Cherbourg,yes,True,0.9680851063829787,106.12579787234043,35.0,94,0.9910237262754293
0,1,male,40.0,0,0,26.55,S,First,man,True,C,Southampton,no,True,0.36885245901639346,67.22612704918032,40.0,122,0.36526093570402607
1,1,male,48.0,1,0,52.0,S,First,man,True,C,Southampton,yes,False,0.36885245901639346,67.22612704918032,40.0,122,1.0408277503255374
0,3,male,29.0,0,0,9.4833,S,Third,man,True,Unknown,Southampton,no,True,0.13544668587896252,12.661632564841499,25.0,347,-0.6323794480268654
0,2,male,52.0,0,0,13.0,S,Second,man,True,Unknown,Southampton,no,True,0.1574074074074074,19.74178240740741,30.0,108,-0.3336984726090332
0,3,male,19.0,0,0,7.65,S,Third,man,True,F,Southampton,no,True,0.13544668587896252,12.661632564841499,25.0,347,-0.830854756854953
1,1,female,38.0,0,0,227.525,C,First,woman,False,C,Cherbourg,yes,True,0.9680851063829787,106.12579787234043,35.0,94,2.5497045522452972
1,2,female,27.0,0,0,10.5,S,Second,woman,False,E,Southampton,yes,True,0.9210526315789473,21.97012105263158,28.0,76,-0.5368057694182641
0,3,male,25.0,0,0,15.5,Q,Third,man,True,Unknown,Queenstown,no,True,0.13544668587896252,12.661632564841499,25.0,347,-0.16405229962564447
0,3,male,33.0,0,0,7.775,S,Third,man,True,Unknown,Southampton,no,True,0.13544668587896252,12.661632564841499,25.0,347,-0.8160407306065733
1,2,female,6.0,0,1,33.0,S,Second,child,False,Unknown,Southampton,yes,False,0.9210526315789473,21.97012105263158,28.0,76,0.5824597491940529
0,3,male,17.0,1,0,7.0542,S,Third,man,True,Unknown,Southampton,no,False,0.13544668587896252,12.661632564841499,25.0,347,-0.9045411875888885
0,2,male,34.0,0,0,13.0,S,Second,man,True,Unknown,Southampton,no,True,0.1574074074074074,19.74178240740741,30.0,108,-0.3336984726090332
0,2,male,50.0,0,0,13.0,S,Second,man,True,Unknown,Southampton,no,True,0.1574074074074074,19.74178240740741,30.0,108,-0.3336984726090332
1,1,male,27.0,1,0,53.1,S,First,man,True,E,Southampton,yes,False,0.36885245901639346,67.22612704918032,40.0,122,1.0620380556287106
0,3,male,20.0,0,0,8.6625,S,Third,man,True,Unknown,Southampton,no,True,0.13544668587896252,12.661632564841499,25.0,347,-0.7165619336211217
1,2,female,30.0,3,0,21.0,S,Second,woman,False,Unknown,Southampton,yes,False,0.9210526315789473,21.97012105263158,28.0,76,0.1329851701219792
1,3,female,21.5,0,0,7.7375,Q,Third,woman,False,Unknown,Queenstown,yes,True,0.5,16.118809722222224,21.5,144,-0.8204626642072291
0,2,male,25.0,1,0,26.0,S,Second,man,True,Unknown,Southampton,no,False,0.1574074074074074,19.74178240740741,30.0,108,0.3444394801955362
0,3,female,25.0,1,0,7.925,S,Third,woman,False,Unknown,Southampton,no,False,0.5,16.118809722222224,21.5,144,-0.798539974052802
1,1,female,29.0,0,0,211.3375,S,First,woman,False,B,Southampton,yes,True,0.9680851063829787,106.12579787234043,35.0,94,2.4738467350641637
0,3,male,11.0,0,0,18.7875,C,Third,child,False,Unknown,Cherbourg,no,True,0.13544668587896252,12.661632564841499,25.0,347,0.023546289947323752
0,2,male,30.0,0,0,0.0,S,Second,man,True,Unknown,Southampton,no,True,0.1574074074074074,19.74178240740741,30.0,108,-3.0585777291682934
0,2,male,23.0,0,0,13.0,S,Second,man,True,Unknown,Southampton,no,True,0.1574074074074074,19.74178240740741,30.0,108,-0.3336984726090332
0,2,male,23.0,0,0,13.0,S,Second,man,True,Unknown,Southampton,no,True,0.1574074074074074,19.74178240740741,30.0,108,-0.3336984726090332
0,3,male,28.5,0,0,16.1,S,Third,man,True,Unknown,Southampton,no,True,0.13544668587896252,12.661632564841499,25.0,347,-0.12717266791993012
0,3,female,48.0,1,3,34.375,S,Third,woman,False,Unknown,Southampton,no,False,0.5,16.118809722222224,21.5,144,0.6233938271906204
1,1,male,35.0,0,0,512.3292,C,First,man,True,B,Cherbourg,yes,True,0.36885245901639346,67.22612704918032,40.0,122,3.3852937438182273
0,3,male,25.0,0,0,7.8958,S,Third,man,True,Unknown,Southampton,no,True,0.13544668587896252,12.661632564841499,25.0,347,-0.8019236166026618
0,3,male,25.0,0,0,7.8958,S,Third,man,True,Unknown,Southampton,no,True,0.13544668587896252,12.661632564841499,25.0,347,-0.8019236166026618
1,1,male,40.0,0,0,30.0,S,First,man,True,D,Southampton,yes,True,0.36885245901639346,67.22612704918032,40.0,122,0.4870824563024251
0,1,male,36.0,1,0,78.85,S,First,man,True,C,Southampton,no,False,0.36885245901639346,67.22612704918032,40.0,122,1.464014258564117
1,1,female,21.0,2,2,262.375,C,First,woman,False,B,Cherbourg,yes,False,0.9680851063829787,106.12579787234043,35.0,94,2.6962534687059603
0,3,male,24.0,1,0,16.1,S,Third,man,True,Unknown,Southampton,no,False,0.13544668587896252,12.661632564841499,25.0,347,-0.12717266791993012
1,3,male,31.0,0,0,7.925,S,Third,man,True,Unknown,Southampton,yes,True,0.13544668587896252,12.661632564841499,25.0,347,-0.798539974052802
0,1,male,70.0,1,1,71.0,S,First,man,True,B,Southampton,no,False,0.36885245901639346,67.22612704918032,40.0,122,1.3571652197109427
0,3,male,16.0,1,1,20.25,S,Third,man,True,Unknown,Southampton,no,False,0.13544668587896252,12.661632564841499,25.0,347,0.0971716406458445
1,2,female,30.0,0,0,13.0,S,Second,woman,False,Unknown,Southampton,yes,True,0.9210526315789473,21.97012105263158,28.0,76,-0.3336984726090332
0,1,male,19.0,1,0,53.1,S,First,man,True,D,Southampton,no,False,0.36885245901639346,67.22612704918032,40.0,122,1.0620380556287106
0,3,male,31.0,0,0,7.75,Q,Third,man,True,Unknown,Queenstown,no,True,0.13544668587896252,12.661632564841499,25.0,347,-0.8189865811572414
1,2,female,4.0,1,1,23.0,S,Second,child,False,Unknown,Southampton,yes,False,0.9210526315789473,21.97012105263158,28.0,76,0.2228261499229997
1,3,male,6.0,0,1,12.475,S,Third,child,False,E,Southampton,yes,False,0.13544668587896252,12.661632564841499,25.0,347,-0.37316263612134226
0,3,male,33.0,0,0,9.5,S,Third,man,True,Unknown,Southampton,no,True,0.13544668587896252,12.661632564841499,25.0,347,-0.6307359423566569
0,3,male,23.0,0,0,7.8958,S,Third,man,True,Unknown,Southampton,no,True,0.13544668587896252,12.661632564841499,25.0,347,-0.8019236166026618
1,2,female,48.0,1,2,65.0,S,Second,woman,False,Unknown,Southampton,yes,False,0.9210526315789473,21.97012105263158,28.0,76,1.2673242399099218
1,2,male,0.67,1,1,14.5,S,Second,child,False,Unknown,Southampton,yes,False,0.1574074074074074,19.74178240740741,30.0,108,-0.2286058134653583
0,3,male,28.0,0,0,7.7958,S,Third,man,True,Unknown,Southampton,no,True,0.13544668587896252,12.661632564841499,25.0,347,-0.8135961720983267
0,2,male,18.0,0,0,11.5,S,Second,man,True,Unknown,Southampton,no,True,0.1574074074074074,19.74178240740741,30.0,108,-0.4507125974257932
0,3,male,34.0,0,0,8.05,S,Third,man,True,Unknown,Southampton,no,True,0.13544668587896252,12.661632564841499,25.0,347,-0.7841792430073967
1,1,female,33.0,0,0,86.5,S,First,woman,False,B,Southampton,yes,True,0.9680851063829787,106.12579787234043,35.0,94,1.5584783893656837
0,3,male,25.0,0,0,14.5,S,Third,man,True,Unknown,Southampton,no,True,0.13544668587896252,12.661632564841499,25.0,347,-0.2286058134653583
0,3,male,41.0,0,0,7.125,S,Third,man,True,Unknown,Southampton,no,True,0.13544668587896252,12.661632564841499,25.0,347,-0.8955045384601199
1,3,male,20.0,0,0,7.2292,C,Third,man,True,Unknown,Cherbourg,yes,True,0.13544668587896252,12.661632564841499,25.0,347,-0.8823470582632056
1,1,female,36.0,1,2,120.0,S,First,woman,False,B,Southampton,yes,False,0.9680851063829787,106.12579787234043,35.0,94,1.8931715298766851
0,3,male,16.0,0,0,7.775,S,Third,man,True,Unknown,Southampton,no,True,0.13544668587896252,12.661632564841499,25.0,347,-0.8160407306065733
1,1,female,51.0,1,0,77.9583,S,First,woman,False,D,Southampton,yes,False,0.9680851063829787,106.12579787234043,35.0,94,1.452419049919151
0,1,male,40.0,0,0,39.6,C,First,man,True,Unknown,Cherbourg,no,True,0.36885245901639346,67.22612704918032,40.0,122,0.7656365698356679
0,3,female,30.5,0,0,7.75,Q,Third,woman,False,Unknown,Queenstown,no,True,0.5,16.118809722222224,21.5,144,-0.8189865811572414
0,3,male,25.0,1,0,24.15,Q,Third,man,True,Unknown,Queenstown,no,False,0.13544668587896252,12.661632564841499,25.0,347,0.2711522804976662
0,3,male,32.0,0,0,8.3625,S,Third,man,True,Unknown,Southampton,no,True,0.13544668587896252,12.661632564841499,25.0,347,-0.7491276790090223
0,3,male,24.0,0,0,9.5,S,Third,man,True,Unknown,Southampton,no,True,0.13544668587896252,12.661632564841499,25.0,347,-0.6307359423566569
0,3,male,48.0,0,0,7.8542,S,Third,man,True,Unknown,Southampton,no,True,0.13544668587896252,12.661632564841499,25.0,347,-0.806763380796033
0,2,female,57.0,0,0,10.5,S,Second,woman,False,E,Southampton,no,True,0.9210526315789473,21.97012105263158,28.0,76,-0.5368057694182641
0,3,male,25.0,0,0,7.225,C,Third,man,True,Unknown,Cherbourg,no,True,0.13544668587896252,12.661632564841499,25.0,347,-0.8828741679067217
1,2,female,54.0,1,3,23.0,S,Second,woman,False,Unknown,Southampton,yes,False,0.9210526315789473,21.97012105263158,28.0,76,0.2228261499229997
0,3,male,18.0,0,0,7.75,S,Third,man,True,Unknown,Southampton,no,True,0.13544668587896252,12.661632564841499,25.0,347,-0.8189865811572414
0,3,male,25.0,0,0,7.75,Q,Third,man,True,F,Queenstown,no,True,0.13544668587896252,12.661632564841499,25.0,347,-0.8189865811572414
1,3,female,5.0,0,0,12.475,S,Third,child,False,Unknown,Southampton,yes,True,0.5,16.118809722222224,21.5,144,-0.37316263612134226
0,3,male,25.0,0,0,7.7375,Q,Third,man,True,Unknown,Queenstown,no,True,0.13544668587896252,12.661632564841499,25.0,347,-0.8204626642072291
1,1,female,43.0,0,1,211.3375,S,First,woman,False,B,Southampton,yes,False,0.9680851063829787,106.12579787234043,35.0,94,2.4738467350641637
1,3,female,13.0,0,0,7.2292,C,Third,child,False,Unknown,Cherbourg,yes,True,0.5,16.118809722222224,21.5,144,-0.8823470582632056
1,1,female,17.0,1,0,57.0,S,First,woman,False,B,Southampton,yes,False,0.9680851063829787,106.12579787234043,35.0,94,1.1339105535671157
0,1,male,29.0,0,0,30.0,S,First,man,True,D,Southampton,no,True,0.36885245901639346,67.22612704918032,40.0,122,0.4870824563024251
0,3,male,25.0,1,2,23.45,S,Third,man,True,Unknown,Southampton,no,False,0.13544668587896252,12.661632564841499,25.0,347,0.24200663802437702
0,3,male,25.0,0,0,7.05,S,Third,man,True,Unknown,Southampton,no,True,0.13544668587896252,12.661632564841499,25.0,347,-0.9050797531497122
0,3,male,25.0,0,0,7.25,S,Third,man,True,Unknown,Southampton,no,True,0.13544668587896252,12.661632564841499,25.0,347,-0.8797405693934278
1,3,female,18.0,0,0,7.4958,S,Third,woman,False,Unknown,Southampton,yes,True,0.5,16.118809722222224,21.5,144,-0.8494271027413144
0,3,male,8.0,4,1,29.125,Q,Third,child,False,Unknown,Queenstown,no,False,0.13544668587896252,12.661632564841499,25.0,347,0.457519539438721
1,3,male,1.0,1,2,20.575,S,Third,child,False,Unknown,Southampton,yes,False,0.13544668587896252,12.661632564841499,25.0,347,0.11284358066326507
0,1,male,46.0,0,0,79.2,C,First,man,True,B,Cherbourg,no,True,0.36885245901639346,67.22612704918032,40.0,122,1.4685301291949246
0,3,male,25.0,0,0,7.75,Q,Third,man,True,Unknown,Queenstown,no,True,0.13544668587896252,12.661632564841499,25.0,347,-0.8189865811572414
0,2,male,16.0,0,0,26.0,S,Second,man,True,Unknown,Southampton,no,True,0.1574074074074074,19.74178240740741,30.0,108,0.3444394801955362
0,3,female,21.5,8,2,69.55,S,Third,woman,False,Unknown,Southampton,no,False,0.5,16.118809722222224,21.5,144,1.3361591794576348
0,1,male,40.0,0,0,30.6958,C,First,man,True,Unknown,Cherbourg,no,True,0.36885245901639346,67.22612704918032,40.0,122,0.5100012756239033
0,3,male,25.0,0,0,7.8958,S,Third,man,True,Unknown,Southampton,no,True,0.13544668587896252,12.661632564841499,25.0,347,-0.8019236166026618
0,2,male,39.0,0,0,13.0,S,Second,man,True,Unknown,Southampton,no,True,0.1574074074074074,19.74178240740741,30.0,108,-0.3336984726090332
1,1,female,49.0,0,0,25.9292,S,First,woman,False,D,Southampton,yes,True,0.9680851063829787,106.12579787234043,35.0,94,0.3417284274758476
1,3,female,31.0,0,0,8.6833,S,Third,woman,False,Unknown,Southampton,yes,True,0.5,16.118809722222224,21.5,144,-0.7143416664249429
0,3,male,30.0,0,0,7.2292,C,Third,man,True,Unknown,Cherbourg,no,True,0.13544668587896252,12.661632564841499,25.0,347,-0.8823470582632056
0,3,female,30.0,1,1,24.15,S,Third,woman,False,Unknown,Southampton,no,False,0.5,16.118809722222224,21.5,144,0.2711522804976662
0,2,male,34.0,0,0,13.0,S,Second,man,True,Unknown,Southampton,no,True,0.1574074074074074,19.74178240740741,30.0,108,-0.3336984726090332
1,2,female,31.0,1,1,26.25,S,Second,woman,False,Unknown,Southampton,yes,False,0.9210526315789473,21.97012105263158,28.0,76,0.35395586016517094
1,1,male,11.0,1,2,120.0,S,First,child,False,B,Southampton,yes,False,0.36885245901639346,67.22612704918032,40.0,122,1.8931715298766851
1,3,male,0.42,0,1,8.5167,C,Third,child,False,Unknown,Cherbourg,yes,False,0.13544668587896252,12.661632564841499,25.0,347,-0.7322606388880221
1,3,male,27.0,0,0,6.975,S,Third,man,True,Unknown,Southampton,yes,True,0.13544668587896252,12.661632564841499,25.0,347,-0.9147445967366699
0,3,male,31.0,0,0,7.775,S,Third,man,True,Unknown,Southampton,no,True,0.13544668587896252,12.661632564841499,25.0,347,-0.8160407306065733
0,1,male,39.0,0,0,0.0,S,First,man,True,A,Southampton,no,True,0.36885245901639346,67.22612704918032,40.0,122,-3.0585777291682934
0,3,female,18.0,0,0,7.775,S,Third,woman,False,Unknown,Southampton,no,True,0.5,16.118809722222224,21.5,144,-0.8160407306065733
0,2,male,39.0,0,0,13.0,S,Second,man,True,Unknown,Southampton,no,True,0.1574074074074074,19.74178240740741,30.0,108,-0.3336984726090332
1,1,female,33.0,1,0,53.1,S,First,woman,False,E,Southampton,yes,False,0.9680851063829787,106.12579787234043,35.0,94,1.0620380556287106
0,3,male,26.0,0,0,7.8875,S,Third,man,True,Unknown,Southampton,no,True,0.13544668587896252,12.661632564841499,25.0,347,-0.8028874327603485
0,3,male,39.0,0,0,24.15,S,Third,man,True,Unknown,Southampton,no,True,0.13544668587896252,12.661632564841499,25.0,347,0.2711522804976662
0,2,male,35.0,0,0,10.5,S,Second,man,True,Unknown,Southampton,no,True,0.1574074074074074,19.74178240740741,30.0,108,-0.5368057694182641
0,3,female,6.0,4,2,31.275,S,Third,child,False,Unknown,Southampton,no,False,0.5,16.118809722222224,21.5,144,0.5286989276421437
0,3,male,30.5,0,0,8.05,S,Third,man,True,Unknown,Southampton,no,True,0.13544668587896252,12.661632564841499,25.0,347,-0.7841792430073967
0,1,male,40.0,0,0,0.0,S,First,man,True,B,Southampton,no,True,0.36885245901639346,67.22612704918032,40.0,122,-3.0585777291682934
0,3,female,23.0,0,0,7.925,S,Third,woman,False,Unknown,Southampton,no,True,0.5,16.118809722222224,21.5,144,-0.798539974052802
0,2,male,31.0,1,1,37.0042,C,Second,man,True,Unknown,Cherbourg,no,False,0.1574074074074074,19.74178240740741,30.0,108,0.6974165471111633
0,3,male,43.0,0,0,6.45,S,Third,man,True,Unknown,Southampton,no,True,0.13544668587896252,12.661632564841499,25.0,347,-0.9850567418873891
0,3,male,10.0,3,2,27.9,S,Third,child,False,Unknown,Southampton,no,False,0.13544668587896252,12.661632564841499,25.0,347,0.4146557174979072
1,1,female,52.0,1,1,93.5,S,First,woman,False,B,Southampton,yes,False,0.9680851063829787,106.12579787234043,35.0,94,1.6379421972192298
1,3,male,27.0,0,0,8.6625,S,Third,man,True,Unknown,Southampton,yes,True,0.13544668587896252,12.661632564841499,25.0,347,-0.7165619336211217
0,1,male,38.0,0,0,0.0,S,First,man,True,Unknown,Southampton,no,True,0.36885245901639346,67.22612704918032,40.0,122,-3.0585777291682934
1,3,female,27.0,0,1,12.475,S,Third,woman,False,E,Southampton,yes,False,0.5,16.118809722222224,21.5,144,-0.37316263612134226
0,3,male,2.0,4,1,39.6875,S,Third,child,False,Unknown,Southampton,no,False,0.13544668587896252,12.661632564841499,25.0,347,0.7678594338107121
0,3,male,25.0,0,0,6.95,Q,Third,man,True,Unknown,Queenstown,no,True,0.13544668587896252,12.661632564841499,25.0,347,-0.9179864201772276
0,3,male,25.0,0,0,56.4958,S,Third,man,True,Unknown,Southampton,no,True,0.13544668587896252,12.661632564841499,25.0,347,1.1248955097361595
1,2,male,1.0,0,2,37.0042,C,Second,child,False,Unknown,Cherbourg,yes,False,0.1574074074074074,19.74178240740741,30.0,108,0.6974165471111633
1,3,male,25.0,0,0,7.75,Q,Third,man,True,Unknown,Queenstown,yes,True,0.13544668587896252,12.661632564841499,25.0,347,-0.8189865811572414
1,1,female,62.0,0,0,80.0,S,First,woman,False,B,Southampton,yes,True,0.9680851063829787,106.12579787234043,35.0,94,1.4787785499834798
1,3,female,15.0,1,0,14.4542,C,Third,child,False,Unknown,Cherbourg,yes,False,0.5,16.118809722222224,21.5,144,-0.23166125968823223
1,2,male,0.83,1,1,18.75,S,Second,child,False,Unknown,Southampton,yes,False,0.1574074074074074,19.74178240740741,30.0,108,0.021587667954472933
0,3,male,25.0,0,0,7.2292,C,Third,man,True,Unknown,Cherbourg,no,True,0.13544668587896252,12.661632564841499,25.0,347,-0.8823470582632056
0,3,male,23.0,0,0,7.8542,S,Third,man,True,Unknown,Southampton,no,True,0.13544668587896252,12.661632564841499,25.0,347,-0.806763380796033
0,3,male,18.0,0,0,8.3,S,Third,man,True,Unknown,Southampton,no,True,0.13544668587896252,12.661632564841499,25.0,347,-0.7560434444325566
1,1,female,39.0,1,1,83.1583,C,First,woman,False,E,Cherbourg,yes,False,0.9680851063829787,106.12579787234043,35.0,94,1.5182728441543658
0,3,male,21.0,0,0,8.6625,S,Third,man,True,Unknown,Southampton,no,True,0.13544668587896252,12.661632564841499,25.0,347,-0.7165619336211217
0,3,male,25.0,0,0,8.05,S,Third,man,True,Unknown,Southampton,no,True,0.13544668587896252,12.661632564841499,25.0,347,-0.7841792430073967
1,3,male,32.0,0,0,56.4958,S,Third,man,True,Unknown,Southampton,yes,True,0.13544668587896252,12.661632564841499,25.0,347,1.1248955097361595
1,1,male,40.0,0,0,29.7,C,First,man,True,C,Cherbourg,yes,True,0.36885245901639346,67.22612704918032,40.0,122,0.4770416648490861
0,3,male,20.0,0,0,7.925,S,Third,man,True,Unknown,Southampton,no,True,0.13544668587896252,12.661632564841499,25.0,347,-0.798539974052802
0,2,male,16.0,0,0,10.5,S,Second,man,True,Unknown,Southampton,no,True,0.1574074074074074,19.74178240740741,30.0,108,-0.5368057694182641
1,1,female,30.0,0,0,31.0,C,First,woman,False,Unknown,Cherbourg,yes,True,0.9680851063829787,106.12579787234043,35.0,94,0.5198636196706229
0,3,male,34.5,0,0,6.4375,C,Third,man,True,Unknown,Cherbourg,no,True,0.13544668587896252,12.661632564841499,25.0,347,-0.9867906128533871
0,3,male,17.0,0,0,8.6625,S,Third,man,True,Unknown,Southampton,no,True,0.13544668587896252,12.661632564841499,25.0,347,-0.7165619336211217
0,3,male,42.0,0,0,7.55,S,Third,man,True,Unknown,Southampton,no,True,0.13544668587896252,12.661632564841499,25.0,347,-0.8428609376877135
0,3,male,25.0,8,2,69.55,S,Third,man,True,Unknown,Southampton,no,False,0.13544668587896252,12.661632564841499,25.0,347,1.3361591794576348
0,3,male,35.0,0,0,7.8958,C,Third,man,True,Unknown,Cherbourg,no,True,0.13544668587896252,12.661632564841499,25.0,347,-0.8019236166026618
0,2,male,28.0,0,1,33.0,S,Second,man,True,Unknown,Southampton,no,False,0.1574074074074074,19.74178240740741,30.0,108,0.5824597491940529
1,1,female,35.0,1,0,89.1042,C,First,woman,False,C,Cherbourg,yes,False,0.9680851063829787,106.12579787234043,35.0,94,1.588760118059578
0,3,male,4.0,4,2,31.275,S,Third,child,False,Unknown,Southampton,no,False,0.13544668587896252,12.661632564841499,25.0,347,0.5286989276421437
0,3,male,74.0,0,0,7.775,S,Third,man,True,Unknown,Southampton,no,True,0.13544668587896252,12.661632564841499,25.0,347,-0.8160407306065733
0,3,female,9.0,1,1,15.2458,C,Third,child,False,Unknown,Cherbourg,no,False,0.5,16.118809722222224,21.5,144,-0.1800831698720664
1,1,female,16.0,0,1,39.4,S,First,woman,False,D,Southampton,yes,False,0.9680851063829787,106.12579787234043,35.0,94,0.7605376956829671
0,2,female,44.0,1,0,26.0,S,Second,woman,False,Unknown,Southampton,no,False,0.9210526315789473,21.97012105263158,28.0,76,0.3444394801955362
1,3,female,18.0,0,1,9.35,S,Third,woman,False,Unknown,Southampton,yes,False,0.5,16.118809722222224,21.5,144,-0.6455926003653025
1,1,female,45.0,1,1,164.8667,S,First,woman,False,Unknown,Southampton,yes,False,0.9680851063829787,106.12579787234043,35.0,94,2.218822021910339
1,1,male,51.0,0,0,26.55,S,First,man,True,E,Southampton,yes,True,0.36885245901639346,67.22612704918032,40.0,122,0.36526093570402607
1,3,female,24.0,0,3,19.2583,C,Third,woman,False,Unknown,Cherbourg,yes,False,0.5,16.118809722222224,21.5,144,0.047825129435189045
0,3,male,25.0,0,0,7.2292,C,Third,man,True,Unknown,Cherbourg,no,True,0.13544668587896252,12.661632564841499,25.0,347,-0.8823470582632056
0,3,male,41.0,2,0,14.1083,S,Third,man,True,Unknown,Southampton,no,False,0.13544668587896252,12.661632564841499,25.0,347,-0.2550339477875714
0,2,male,21.0,1,0,11.5,S,Second,man,True,Unknown,Southampton,no,False,0.1574074074074074,19.74178240740741,30.0,108,-0.4507125974257932
1,1,female,48.0,0,0,25.9292,S,First,woman,False,D,Southampton,yes,True,0.9680851063829787,106.12579787234043,35.0,94,0.3417284274758476
0,3,female,21.5,8,2,69.55,S,Third,woman,False,Unknown,Southampton,no,False,0.5,16.118809722222224,21.5,144,1.3361591794576348
0,2,male,24.0,0,0,13.0,S,Second,man,True,Unknown,Southampton,no,True,0.1574074074074074,19.74178240740741,30.0,108,-0.3336984726090332
1,2,female,42.0,0,0,13.0,S,Second,woman,False,Unknown,Southampton,yes,True,0.9210526315789473,21.97012105263158,28.0,76,-0.3336984726090332
1,2,female,27.0,1,0,13.8583,C,Second,woman,False,Unknown,Cherbourg,yes,False,0.9210526315789473,21.97012105263158,28.0,76,-0.272262193114855
0,1,male,31.0,0,0,50.4958,S,First,man,True,A,Southampton,no,True,0.36885245901639346,67.22612704918032,40.0,122,1.0110997852233976
0,3,male,25.0,0,0,9.5,S,Third,man,True,Unknown,Southampton,no,True,0.13544668587896252,12.661632564841499,25.0,347,-0.6307359423566569
1,3,male,4.0,1,1,11.1333,S,Third,child,False,Unknown,Southampton,yes,False,0.13544668587896252,12.661632564841499,25.0,347,-0.48145578049281285
0,3,male,26.0,0,0,7.8958,S,Third,man,True,Unknown,Southampton,no,True,0.13544668587896252,12.661632564841499,25.0,347,-0.8019236166026618
1,1,female,47.0,1,1,52.5542,S,First,woman,False,D,Southampton,yes,False,0.9680851063829787,106.12579787234043,35.0,94,1.0515683442816504
0,1,male,33.0,0,0,5.0,S,First,man,True,B,Southampton,no,True,0.36885245901639346,67.22612704918032,40.0,122,-1.208550389612567
0,3,male,47.0,0,0,9.0,S,Third,man,True,Unknown,Southampton,no,True,0.13544668587896252,12.661632564841499,25.0,347,-0.6811127586453682
1,2,female,28.0,1,0,24.0,C,Second,woman,False,Unknown,Cherbourg,yes,False,0.9210526315789473,21.97012105263158,28.0,76,0.26497567234198965
1,3,female,15.0,0,0,7.225,C,Third,child,False,Unknown,Cherbourg,yes,True,0.5,16.118809722222224,21.5,144,-0.8828741679067217
0,3,male,20.0,0,0,9.8458,S,Third,man,True,Unknown,Southampton,no,True,0.13544668587896252,12.661632564841499,25.0,347,-0.5972795597045875
0,3,male,19.0,0,0,7.8958,S,Third,man,True,Unknown,Southampton,no,True,0.13544668587896252,12.661632564841499,25.0,347,-0.8019236166026618
0,3,male,25.0,0,0,7.8958,S,Third,man,True,Unknown,Southampton,no,True,0.13544668587896252,12.661632564841499,25.0,347,-0.8019236166026618
1,1,female,56.0,0,1,83.1583,C,First,woman,False,C,Cherbourg,yes,False,0.9680851063829787,106.12579787234043,35.0,94,1.5182728441543658
1,2,female,25.0,0,1,26.0,S,Second,woman,False,Unknown,Southampton,yes,False,0.9210526315789473,21.97012105263158,28.0,76,0.3444394801955362
0,3,male,33.0,0,0,7.8958,S,Third,man,True,Unknown,Southampton,no,True,0.13544668587896252,12.661632564841499,25.0,347,-0.8019236166026618
0,3,female,22.0,0,0,10.5167,S,Third,woman,False,Unknown,Southampton,no,True,0.5,16.118809722222224,21.5,144,-0.5353074585700541
0,2,male,28.0,0,0,10.5,S,Second,man,True,Unknown,Southampton,no,True,0.1574074074074074,19.74178240740741,30.0,108,-0.5368057694182641
0,3,male,25.0,0,0,7.05,S,Third,man,True,Unknown,Southampton,no,True,0.13544668587896252,12.661632564841499,25.0,347,-0.9050797531497122
0,3,female,39.0,0,5,29.125,Q,Third,woman,False,Unknown,Queenstown,no,False,0.5,16.118809722222224,21.5,144,0.457519539438721
0,2,male,27.0,0,0,13.0,S,Second,man,True,Unknown,Southampton,no,True,0.1574074074074074,19.74178240740741,30.0,108,-0.3336984726090332
1,1,female,19.0,0,0,30.0,S,First,woman,False,B,Southampton,yes,True,0.9680851063829787,106.12579787234043,35.0,94,0.4870824563024251
0,3,female,21.5,1,2,23.45,S,Third,woman,False,Unknown,Southampton,no,False,0.5,16.118809722222224,21.5,144,0.24200663802437702
1,1,male,26.0,0,0,30.0,C,First,man,True,C,Cherbourg,yes,True,0.36885245901639346,67.22612704918032,40.0,122,0.4870824563024251
0,3,male,32.0,0,0,7.75,Q,Third,man,True,Unknown,Queenstown,no,True,0.13544668587896252,12.661632564841499,25.0,347,-0.8189865811572414
